花样年花样城 4室2厅 南,花样年花样城 -高淳,4室2厅 | 131.89平米 | 南 | 毛坯 | 中楼层(共8层)  | 板楼,70,"5,308元/平"
高淳雅居乐花园3室2厅1卫，中高楼层，业主诚心卖,高淳雅居乐花园 -高淳,3室2厅 | 94.54平米 | 南 北 | 精装 | 高楼层(共27层)  | 板楼,71.8,"7,595元/平"
高淳雅居乐花园4室2厅2卫，中高楼层，业主诚心卖,高淳雅居乐花园 -高淳,4室2厅 | 126.84平米 | 南 北 | 精装 | 高楼层(共23层)  | 板楼,88,"6,938元/平"
此房实际面积190平，有露台，视野开阔，采光充足,高淳碧桂园 -高淳,4室2厅 | 129.1平米 | 南 | 其他 | 高楼层(共27层)  | 板塔结合,100,"7,746元/平"
洋房，公摊面积少，带全屋空凋.套型方正,玲珑湾花园 -高淳,4室2厅 | 155.89平米 | 南 北 | 其他 | 中楼层(共5层)  | 暂无数据,123.8,"7,942元/平"
锦绣华庭113.13平米精装三房72.8万业主急售。,锦绣华庭 -高淳,3室2厅 | 133.13平米 | 南 | 其他 | 高楼层(共6层)  | 暂无数据,72.8,"5,469元/平"
世纪花园(高淳) 3室2厅 南 北,世纪花园(高淳) -高淳,3室2厅 | 131.72平米 | 南 北 | 精装 | 中楼层(共6层)  | 板楼,85.8,"6,514元/平"
双湖明珠 3室2厅 南,双湖明珠 -高淳,3室2厅 | 116.66平米 | 南 | 精装 | 低楼层(共3层)  | 板楼,78,"6,687元/平"
景和名苑 3室1厅 南,景和名苑 -高淳,3室1厅 | 105.22平米 | 南 | 精装 | 高楼层(共8层)  | 板楼,95.8,"9,105元/平"
高淳碧桂园 3室2厅 南,高淳碧桂园 -高淳,3室2厅 | 122.64平米 | 南 | 毛坯 | 高楼层(共27层)  | 板楼,85,"6,931元/平"
拎包入住视野采光好。交通便利！环境优美。,高淳碧桂园 -高淳,3室2厅 | 133.21平米 | 南 | 其他 | 中楼层(共27层)  | 板楼,110,"8,258元/平"
宝龙世家中上楼层三室两卫，视线好。,宝龙世家 -高淳,3室2厅 | 116.15平米 | 南 | 精装 | 中楼层(共27层)  | 暂无数据,125,"10,762元/平"
双湖明珠三房两卫好房仅售4000一平,双湖明珠 -高淳,3室2厅 | 123.42平米 | 南 | 毛坯 | 高楼层(共6层)  | 暂无数据,50,"4,052元/平"
中南融创御园87平米精装三室，采光俱佳，75万。,融创中南御园 -高淳,3室1厅 | 86.6平米 | 南 | 精装 | 中楼层(共11层)  | 板楼,75,"8,661元/平"
高淳雅居乐花园 4室2厅 南,高淳雅居乐花园 -高淳,4室2厅 | 127.97平米 | 南 | 毛坯 | 高楼层(共27层)  | 板楼,74.8,"5,846元/平"
中交荣域C区 3室2厅 南,中交荣域C区 -高淳,3室2厅 | 117.83平米 | 南 | 毛坯 | 高楼层(共20层)  | 板楼,93,"7,893元/平"
此房满两年 视野开阔 环境优美 次新房 功能性好,中交荣域A区 -高淳,4室2厅 | 144.17平米 | 南 | 毛坯 | 低楼层(共18层)  | 暂无数据,110,"7,630元/平"
中交荣域C区 4室2厅 南,中交荣域C区 -高淳,4室2厅 | 151.52平米 | 南 | 毛坯 | 低楼层(共17层)  | 板楼,140,"9,240元/平"
刚需两房，低总价，简单装修，看房方便,中交荣域B区 -高淳,2室2厅 | 82.41平米 | 南 | 其他 | 高楼层(共19层)  | 暂无数据,54.8,"6,650元/平"
花样年花样城 4室2厅 南,花样年花样城 -高淳,4室2厅 | 129.86平米 | 南 | 其他 | 低楼层(共6层)  | 板楼,98,"7,547元/平"
福源名居精装好楼层110平三房两厅一卫110万,福源名居 -高淳,3室2厅 | 109.11平米 | 南 北 | 其他 | 高楼层(共8层)  | 板塔结合,110,"10,082元/平"
中交荣域A区 3室2厅 东南 南,中交荣域A区 -高淳,3室2厅 | 85.61平米 | 东南 南 | 其他 | 高楼层(共20层)  | 板楼,63,"7,359元/平"
碧桂园二次精装133.25平米，全屋格力空调98万,高淳碧桂园 -高淳,3室2厅 | 133.25平米 | 南 北 | 其他 | 低楼层(共27层)  | 暂无数据,98,"7,355元/平"
花样年三室一卫，楼层好，业主诚售！,花样年花样城 -高淳,3室1厅 | 88.07平米 | 南 | 毛坯 | 中楼层(共24层)  | 板楼,47,"5,337元/平"
毛坯洋房大平层，户型方正，配套齐全,高淳雅居乐花园 -高淳,5室2厅 | 169.25平米 | 南 | 毛坯 | 低楼层(共10层)  | 板楼,128,"7,563元/平"
金地华城 3室2厅 南,金地华城 -高淳,3室2厅 | 81.84平米 | 南 | 精装 | 高楼层(共6层)  | 暂无数据,60,"7,332元/平"
紫晶美域 3室2厅 北 南,紫晶美域 -高淳,3室2厅 | 98.2平米 | 北 南 | 其他 | 低楼层(共11层)  | 板楼,52,"5,296元/平"
花样年毛坯四室，好楼层，诚售可议,花样年花样城 -高淳,4室2厅 | 132.17平米 | 南 | 其他 | 高楼层(共6层)  | 暂无数据,92,"6,961元/平"
高淳雅居乐花园 3室2厅 南,高淳雅居乐花园 -高淳,3室2厅 | 103.44平米 | 南 | 其他 | 中楼层(共27层)  | 板楼,71,"6,864元/平"
高淳雅居乐花园 3室2厅 南,高淳雅居乐花园 -高淳,3室2厅 | 136.36平米 | 南 | 其他 | 中楼层(共26层)  | 塔楼,93,"6,821元/平"
高淳雅居乐花园 3室2厅 西,高淳雅居乐花园 -高淳,3室2厅 | 103.38平米 | 西 | 其他 | 低楼层(共27层)  | 板楼,72,"6,965元/平"
低总价小三房，低首付，环境优美，交通便利,高淳雅居乐花园 -高淳,3室2厅 | 93.28平米 | 南 | 其他 | 低楼层(共23层)  | 板楼,60,"6,433元/平"
高淳碧桂园 3室2厅 南 北,高淳碧桂园 -高淳,3室2厅 | 122.65平米 | 南 北 | 其他 | 低楼层(共27层)  | 板楼,82,"6,686元/平"
此房满2年精装电梯房通透户型阳光好,中交荣域B区 -高淳,3室2厅 | 121.94平米 | 南 | 其他 | 中楼层(共20层)  | 板楼,118,"9,677元/平"
房东自住房，客厅主卧朝南 好楼层，视野开阔保养新,依水佳苑西区 -高淳,3室2厅 | 127.73平米 | 南 北 | 其他 | 中楼层(共6层)  | 板楼,84.8,"6,640元/平"
隆豪翡翠星城140平的好房源，进来看看。。。,隆豪翡翠星城 -高淳,3室2厅 | 141.8平米 | 南 | 其他 | 低楼层(共6层)  | 板楼,150,"10,579元/平"
高淳雅居乐花园 4室2厅 南,高淳雅居乐花园 -高淳,4室2厅 | 125.02平米 | 南 | 其他 | 低楼层(共26层)  | 板楼,76,"6,080元/平"
卓越浅水湾 4室2厅 南,卓越浅水湾 -高淳,4室2厅 | 118.87平米 | 南 | 其他 | 中楼层(共7层)  | 板楼,106,"8,918元/平"
83平三室两厅两卫的户型，套型好，利用率高,景桥茗苑北区 -高淳,3室2厅 | 83.31平米 | 南 北 | 其他 | 高楼层(共4层)  | 暂无数据,65,"7,803元/平"
中交荣域C区 3室2厅 南,中交荣域C区 -高淳,3室2厅 | 117.83平米 | 南 | 其他 | 中楼层(共20层)  | 板楼,89.8,"7,622元/平"
中交荣域B区 3室2厅 南,中交荣域B区 -高淳,3室2厅 | 95.37平米 | 南 | 其他 | 低楼层(共20层)  | 暂无数据,68.8,"7,215元/平"
东方曼园 3室2厅 南,东方曼园 -高淳,3室2厅 | 126.38平米 | 南 | 其他 | 高楼层(共16层)  | 暂无数据,75,"5,935元/平"
翡翠星城毛坯三室106.87平米87.8万元，随时看房,隆豪翡翠星城 -高淳,3室2厅 | 106.87平米 | 南 北 | 其他 | 中楼层(共7层)  | 板楼,87.8,"8,216元/平"
兰庭花园 3室2厅 南 北,兰庭花园 -高淳,3室2厅 | 125.53平米 | 南 北 | 其他 | 高楼层(共7层)  | 暂无数据,75.8,"6,039元/平"
中交荣域B区 4室2厅 南,中交荣域B区 -高淳,4室2厅 | 148.75平米 | 南 | 其他 | 中楼层(共9层)  | 板楼,120.8,"8,122元/平"
万福城 174.58平米 跃层 精装 五房 单价7045/平米。,万福城 -高淳,5室2厅 | 174.58平米 | 南 | 精装 | 高楼层(共6层)  | 板楼,123,"7,046元/平"
景和名苑 3室1厅 南,景和名苑 -高淳,3室1厅 | 105平米 | 南 | 毛坯 | 高楼层(共8层)  | 板楼,80,"7,620元/平"
高淳雅居乐花园 4室2厅 南,高淳雅居乐花园 -高淳,4室2厅 | 136.49平米 | 南 | 其他 | 中楼层(共26层)  | 暂无数据,99.8,"7,312元/平"
高淳碧桂园 3室2厅 南,高淳碧桂园 -高淳,3室2厅 | 133.14平米 | 南 | 毛坯 | 低楼层(共27层)  | 板楼,106,"7,962元/平"
景和名苑 4室2厅 南,景和名苑 -高淳,4室2厅 | 127.7平米 | 南 | 其他 | 低楼层(共8层)  | 暂无数据,105,"8,223元/平"
高淳碧桂园 3室2厅 南,高淳碧桂园 -高淳,3室2厅 | 133.14平米 | 南 | 简装 | 中楼层(共30层)  | 板楼,96,"7,211元/平"
全明户型，房东诚心出售，精装修，高档小区,高淳雅园 -高淳,3室2厅 | 120.3平米 | 南 | 精装 | 中楼层(共5层)  | 暂无数据,225,"18,704元/平"
业主诚心出售，小区人车分流，楼间距大采光充足,万悦城 -高淳,3室2厅 | 107.97平米 | 南 | 精装 | 低楼层(共25层)  | 板楼,95,"8,799元/平"
采光好的一楼，东边户，东南北空地多你懂得,花样年花样城 -高淳,4室2厅 | 131.82平米 | 南 | 毛坯 | 低楼层(共24层)  | 板楼,63,"4,780元/平"
楼层好，采光佳，视野开阔无遮挡，满五。,花样年花样城 -高淳,4室2厅 | 131.82平米 | 南 北 | 毛坯 | 中楼层(共24层)  | 板楼,90,"6,828元/平"
景和名苑 3室1厅 南,景和名苑 -高淳,3室1厅 | 101.8平米 | 南 | 毛坯 | 低楼层(共6层)  | 板楼,75,"7,368元/平"
花样年电梯景观楼层 纯毛坯4房90万 随时看房,花样年花样城 -高淳,4室2厅 | 130.99平米 | 南 | 其他 | 高楼层(共24层)  | 板楼,90,"6,871元/平"
业主诚心出售，有钥匙可随时看房,花样年花样城 -高淳,4室2厅 | 131.91平米 | 南 | 毛坯 | 低楼层(共23层)  | 板楼,85,"6,444元/平"
花样年114平诚售65万看房方便有钥匙,花样年花样城 -高淳,3室2厅 | 113.51平米 | 南 | 毛坯 | 低楼层(共24层)  | 板楼,65,"5,727元/平"
电梯洋房，公摊少，套型好，急售,宝龙世家 -高淳,4室2厅 | 117.44平米 | 南 | 精装 | 高楼层(共11层)  | 暂无数据,110,"9,367元/平"
高淳雅居乐花园 3室2厅 南,高淳雅居乐花园 -高淳,3室2厅 | 93.28平米 | 南 | 简装 | 中楼层(共23层)  | 板楼,55,"5,897元/平"
隆豪翡翠星城 3室2厅 南,隆豪翡翠星城 -高淳,3室2厅 | 127.62平米 | 南 | 毛坯 | 中楼层(共8层)  | 板楼,110,"8,620元/平"
小户型，户型方正通透，总价低，无压力,御沁园 -高淳,2室1厅 | 86.9平米 | 南 | 毛坯 | 低楼层(共11层)  | 暂无数据,55.8,"6,422元/平"
高淳碧桂园 3室2厅 南,高淳碧桂园 -高淳,3室2厅 | 137.47平米 | 南 | 毛坯 | 高楼层(共18层)  | 暂无数据,102,"7,420元/平"
步梯精装三楼，三个房间，拎包入住,紫雅苑 -高淳,3室2厅 | 94.48平米 | 南 | 其他 | 中楼层(共6层)  | 板楼,58,"6,139元/平"
低楼层毛坯步梯房，楼层好，采光好，户型好,金地华城 -高淳,3室2厅 | 116.05平米 | 南 | 毛坯 | 中楼层(共5层)  | 暂无数据,90,"7,756元/平"
采光好，前排无遮挡，低总价，看房方便,中宏万家广场 -高淳,3室2厅 | 108.75平米 | 南 | 简装 | 高楼层(共9层)  | 暂无数据,69.8,"6,419元/平"
御沁园位置楼层好的，户型就这一栋有,御沁园 -高淳,3室2厅 | 110.51平米 | 南 | 毛坯 | 中楼层(共11层)  | 暂无数据,79.8,"7,222元/平"
全明户型，房东诚心出售，撤巨资装修,御沁园 -高淳,3室2厅 | 124.57平米 | 南 | 精装 | 高楼层(共9层)  | 暂无数据,125,"10,035元/平"
万福城精装2楼电梯99.95平米58万元,万福城 -高淳,2室2厅 | 99.95平米 | 南 | 简装 | 低楼层(共6层)  | 板楼,58,"5,803元/平"
锦颂华府毛坯电梯3房   总价低  户型好,锦颂华府 -高淳,3室2厅 | 89.24平米 | 南 北 | 毛坯 | 中楼层(共11层)  | 板楼,69,"7,732元/平"
中交荣域C区 4室2厅 南,中交荣域C区 -高淳,4室2厅 | 145.19平米 | 南 | 精装 | 高楼层(共20层)  | 板楼,132.8,"9,147元/平"
中南融创御园88平米精装有院子79.8万,融创中南御园 -高淳,3室1厅 | 88.03平米 | 南 | 精装 | 低楼层(共6层)  | 板楼,79.8,"9,066元/平"
栖凤花园一楼简装当毛坯卖，130平米仅72.6万,栖凤花园 -高淳,3室2厅 | 130.03平米 | 南 北 | 简装 | 低楼层(共6层)  | 暂无数据,69.8,"5,368元/平"
中交荣域95平方三房两厅两卫好楼层,中交荣域C区 -高淳,3室2厅 | 94.95平米 | 南 | 毛坯 | 中楼层(共20层)  | 板楼,67.8,"7,141元/平"
高淳碧桂园 3室2厅 南,高淳碧桂园 -高淳,3室2厅 | 92.3平米 | 南 | 精装 | 中楼层(共27层)  | 板楼,65,"7,043元/平"
福源名居上跃户型，有北向露台，含产权车位，135万。,福源名居 -高淳,5室2厅 | 152.29平米 | 南 | 简装 | 高楼层(共8层)  | 板塔结合,135,"8,865元/平"
宝龙世家117.44平米精装118万，业主换房急售，价可议,宝龙世家 -高淳,4室2厅 | 117.44平米 | 南 | 精装 | 中楼层(共11层)  | 暂无数据,118,"10,048元/平"
朝阳花园三楼117平三房诚售78万,朝阳花园 -高淳,3室2厅 | 116.84平米 | 南 | 精装 | 中楼层(共6层)  | 暂无数据,78,"6,676元/平"
花样城花园洋房通透四房纯新毛坯户型好,花样年花样城 -高淳,4室2厅 | 131.99平米 | 南 | 其他 | 中楼层(共6层)  | 板楼,95,"7,198元/平"
宝龙世家，简装4室2卫，业主诚售!,宝龙世家 -高淳,4室2厅 | 118.39平米 | 南 | 精装 | 中楼层(共7层)  | 板塔结合,114,"9,630元/平"
金地华城三室两卫好楼层简单装修,金地华城 -高淳,3室2厅 | 134.85平米 | 南 | 简装 | 中楼层(共11层)  | 板楼,110,"8,158元/平"
好房推荐。20+的房东毛坯一手房源,景和名苑 -高淳,3室2厅 | 106.22平米 | 南 北 | 其他 | 中楼层(共8层)  | 板楼,79.8,"7,513元/平"
高淳雅居乐花园 3室2厅 南,高淳雅居乐花园 -高淳,3室2厅 | 93平米 | 南 | 其他 | 高楼层(共27层)  | 塔楼,56,"6,022元/平"
高淳雅居乐花园 3室2厅 南,高淳雅居乐花园 -高淳,3室2厅 | 93平米 | 南 | 其他 | 高楼层(共23层)  | 板楼,63,"6,775元/平"
康桥家园三楼精装修，设施齐全，拎包入住,康桥家园 -高淳,2室2厅 | 83.27平米 | 南 | 其他 | 中楼层(共6层)  | 暂无数据,78.8,"9,464元/平"
精装小两室，南北通透，拎包入住，看房方便,双湖星城 -高淳,2室2厅 | 78.61平米 | 南 北 | 其他 | 中楼层(共6层)  | 板楼,42,"5,343元/平"
高淳碧桂园 3室2厅 南,高淳碧桂园 -高淳,3室2厅 | 133.25平米 | 南 | 其他 | 低楼层(共27层)  | 暂无数据,95,"7,130元/平"
高淳碧桂园 3室2厅 南,高淳碧桂园 -高淳,3室2厅 | 133.25平米 | 南 | 其他 | 低楼层(共27层)  | 板楼,110,"8,256元/平"
高淳碧桂园 3室2厅 南,高淳碧桂园 -高淳,3室2厅 | 133.15平米 | 南 | 其他 | 低楼层(共27层)  | 板楼,78,"5,859元/平"
中南御园精装四室两厅两卫，东边户5楼，崭新未入住。,融创中南御园 -高淳,4室2厅 | 118.73平米 | 南 北 | 其他 | 中楼层(共8层)  | 板楼,106,"8,928元/平"
紫晶美域99.77平米毛坯2楼三房两厅一卫52万,紫晶美域 -高淳,3室2厅 | 99.77平米 | 南 北 | 其他 | 低楼层(共11层)  | 暂无数据,52,"5,212元/平"
120平的房子68万，看中可谈。。。,甘霖路37号 -高淳,3室2厅 | 119.59平米 | 南 北 | 其他 | 高楼层(共6层)  | 暂无数据,68.8,"5,753元/平"
融创中南御园 4室2厅 南 北,融创中南御园 -高淳,4室2厅 | 118.99平米 | 南 北 | 其他 | 低楼层(共7层)  | 板楼,95,"7,984元/平"
书苑精装三室121平76.8万,书苑 -高淳,3室2厅 | 121.7平米 | 南 | 其他 | 中楼层(共5层)  | 板楼,76.8,"6,311元/平"
房东换别墅，低价出售一套好房源,隆豪翡翠星城 -高淳,3室2厅 | 109.23平米 | 南 北 | 其他 | 中楼层(共8层)  | 板楼,110,"10,071元/平"
此房位于城中位置孩子上课方便生活商圈成熟,江山嘉园 -高淳,4室2厅 | 195.03平米 | 南 | 其他 | 高楼层(共6层)  | 暂无数据,118,"6,051元/平"
人车分流，首付不高，配套齐全，有菜场,高淳雅居乐花园 -高淳,3室2厅 | 92.7平米 | 南 | 毛坯 | 中楼层(共27层)  | 板楼,58.8,"6,344元/平"
花样年花样城 4室1厅 南,花样年花样城 -高淳,4室1厅 | 129.86平米 | 南 | 毛坯 | 低楼层(共6层)  | 板楼,110,"8,471元/平"
东方曼园 2室2厅 南,东方曼园 -高淳,2室2厅 | 93平米 | 南 | 简装 | 高楼层(共16层)  | 暂无数据,60.8,"6,538元/平"
此房客厅主卧朝南楼层好视野开阔配套设施齐,大丰景苑A区 -高淳,3室2厅 | 112.87平米 | 南 | 毛坯 | 高楼层(共16层)  | 暂无数据,65,"5,759元/平"
此房户型佳，采光充足，好视野开阔，业主诚心卖,花样年花样城 -高淳,4室2厅 | 132.17平米 | 南 | 其他 | 中楼层(共6层)  | 板楼,90,"6,810元/平"
高淳碧桂园 3室2厅 南,高淳碧桂园 -高淳,3室2厅 | 122.71平米 | 南 | 其他 | 低楼层(共28层)  | 板楼,86.5,"7,050元/平"
中交荣域A区 3室2厅 南,中交荣域A区 -高淳,3室2厅 | 95.09平米 | 南 | 其他 | 高楼层(共18层)  | 塔楼,72.8,"7,656元/平"
房东诚心卖 御沁园 三房两厅两卫,御沁园 -高淳,3室2厅 | 148.87平米 | 南 | 其他 | 中楼层(共11层)  | 暂无数据,110,"7,389元/平"
：此房满2年，楼层好，毛坯电梯房，墙已敲，窗户已封,中交荣域A区 -高淳,3室2厅 | 86.05平米 | 南 | 其他 | 中楼层(共20层)  | 板楼,58,"6,741元/平"
高淳雅居乐花园 3室2厅 南,高淳雅居乐花园 -高淳,3室2厅 | 94.81平米 | 南 | 其他 | 中楼层(共26层)  | 塔楼,65,"6,856元/平"
中交荣域B区 3室2厅 南,中交荣域B区 -高淳,3室2厅 | 95.37平米 | 南 | 其他 | 中楼层(共20层)  | 暂无数据,72.8,"7,634元/平"
紫晶美域 3室2厅 南,紫晶美域 -高淳,3室2厅 | 121.43平米 | 南 | 其他 | 中楼层(共11层)  | 板楼,75,"6,177元/平"
高淳雅居乐花园 4室2厅 南,高淳雅居乐花园 -高淳,4室2厅 | 125平米 | 南 | 其他 | 中楼层(共27层)  | 塔楼,82,"6,560元/平"
此房满2年，楼层好，毛坯电梯房通透户型阳光好,中交荣域C区 -高淳,3室2厅 | 95.02平米 | 南 | 其他 | 高楼层(共20层)  | 板楼,73.8,"7,767元/平"
毛坯房源，东边户，全明户型凤凰楼层，首付低,紫晶美域 -高淳,3室2厅 | 100.74平米 | 东南 | 其他 | 高楼层(共11层)  | 板塔结合,62.6,"6,215元/平"
紫晶美域 3室2厅 南,紫晶美域 -高淳,3室2厅 | 98.2平米 | 南 | 其他 | 中楼层(共11层)  | 板楼,57,"5,805元/平"
东方曼园 3室2厅 南,东方曼园 -高淳,3室2厅 | 124.13平米 | 南 | 其他 | 低楼层(共11层)  | 暂无数据,90,"7,251元/平"
高淳雅居乐花园 4室2厅 南,高淳雅居乐花园 -高淳,4室2厅 | 124.99平米 | 南 | 其他 | 低楼层(共27层)  | 板楼,85,"6,801元/平"
高淳雅居乐花园 4室2厅 南,高淳雅居乐花园 -高淳,4室2厅 | 126.12平米 | 南 | 其他 | 中楼层(共27层)  | 板楼,79,"6,264元/平"
景和名苑 3室2厅 南,景和名苑 -高淳,3室2厅 | 94.62平米 | 南 | 其他 | 低楼层(共8层)  | 板楼,62,"6,553元/平"
楼下三室两厅一卫，楼上有阁楼和大露台,江山星园 -高淳,3室2厅 | 107.23平米 | 南 | 其他 | 高楼层(共7层)  | 暂无数据,55,"5,130元/平"
中交荣域B区 4室2厅 南,中交荣域B区 -高淳,4室2厅 | 126.19平米 | 南 | 其他 | 高楼层(共18层)  | 板塔结合,106,"8,401元/平"
"此房满2年,毛坯,电梯房,通透户型阳光好",中交荣域A区 -高淳,3室2厅 | 95.09平米 | 南 | 其他 | 低楼层(共18层)  | 塔楼,66.8,"7,025元/平"
花样年花样城 4室2厅 南,花样年花样城 -高淳,4室2厅 | 141.43平米 | 南 | 其他 | 低楼层(共8层)  | 板楼,103,"7,283元/平"
融创中南御园 3室2厅 南,融创中南御园 -高淳,3室2厅 | 87.69平米 | 南 | 其他 | 低楼层(共6层)  | 板楼,68.8,"7,846元/平"
融创中南御园 4室2厅 南 北,融创中南御园 -高淳,4室2厅 | 118.63平米 | 南 北 | 其他 | 中楼层(共8层)  | 板楼,120,"10,116元/平"
刚需小三房，户型好，低总价，看房方便,花样年花样城 -高淳,3室1厅 | 87.5平米 | 东 南 | 其他 | 中楼层(共24层)  | 板楼,47.8,"5,463元/平"
金地康城 2室2厅 南,金地康城 -高淳,2室2厅 | 91.21平米 | 南 | 其他 | 高楼层(共6层)  | 板楼,53,"5,811元/平"
高淳碧桂园 3室2厅 东,高淳碧桂园 -高淳,3室2厅 | 133.21平米 | 东 | 其他 | 高楼层(共26层)  | 板楼,108,"8,108元/平"
高淳雅居乐花园 4室2厅 南,高淳雅居乐花园 -高淳,4室2厅 | 136.49平米 | 南 | 其他 | 高楼层(共26层)  | 暂无数据,95,"6,961元/平"
碧桂园三期毛坯三房 总价低 满2年 电梯93平59万,高淳碧桂园 -高淳,3室2厅 | 92.35平米 | 南 | 其他 | 低楼层(共28层)  | 板楼,57,"6,173元/平"
宝龙商圈旁 112平 精装修 三房两厅两卫,金轮水映华庭 -高淳,3室2厅 | 112.19平米 | 南 | 其他 | 低楼层(共11层)  | 暂无数据,108,"9,627元/平"
富丽花园西区 2室2厅 南,富丽花园西区 -高淳,2室2厅 | 84.55平米 | 南 | 毛坯 | 低楼层(共11层)  | 暂无数据,53.8,"6,364元/平"
小区是2019年交付的， 次新小区， 绿化面积大,东方公馆 -高淳,2室2厅 | 85.4平米 | 南 北 | 毛坯 | 中楼层(共11层)  | 板楼,50.8,"5,949元/平"
房主急售，新小区位置佳，楼层好，小区交通便利,御沁园 -高淳,2室2厅 | 86.9平米 | 南 | 毛坯 | 中楼层(共11层)  | 暂无数据,53.8,"6,192元/平"
高淳地铁站旁 92平 两房两厅一卫,中宏万家广场 -高淳,2室2厅 | 91.27平米 | 南 | 毛坯 | 中楼层(共25层)  | 塔楼,53,"5,807元/平"
高淳商品房 诚心卖 随时可看 随时签约,高淳雅居乐花园 -高淳,2室2厅 | 73.09平米 | 南 | 其他 | 低楼层(共27层)  | 板楼,42,"5,747元/平"
丹凤雅苑 2室2厅 南,丹凤雅苑 -高淳,2室2厅 | 101.88平米 | 南 | 精装 | 中楼层(共5层)  | 板楼,69.6,"6,832元/平"
人车分流，采光好，生活环境舒适，看房方便,万悦城 -高淳,3室2厅 | 107.95平米 | 南 西南 | 毛坯 | 高楼层(共25层)  | 板楼,55,"5,095元/平"
拎包入住，成熟小区，配套齐全.....................,花样年花样城 -高淳,4室2厅 | 131.71平米 | 南 北 | 毛坯 | 中楼层(共8层)  | 板楼,75,"5,695元/平"
此房满2年毛坯电梯房通透户型阳光好,中交荣域B区 -高淳,3室2厅 | 123平米 | 南 | 毛坯 | 中楼层(共20层)  | 板楼,90,"7,318元/平"
御沁园好房单价仅售6489一平,御沁园 -高淳,3室2厅 | 143.07平米 | 南 | 毛坯 | 低楼层(共6层)  | 暂无数据,92.8,"6,487元/平"
业主诚心出售，小区人车分流，楼间距大采光充足,万悦城 -高淳,3室2厅 | 105.85平米 | 南 | 精装 | 高楼层(共10层)  | 板楼,97,"9,164元/平"
东方曼园精装三房两卫 南北通透户型 阳光好 价格低,东方曼园 -高淳,3室2厅 | 120.72平米 | 南 北 | 精装 | 低楼层(共11层)  | 暂无数据,76,"6,296元/平"
精装大平层。房东诚售！价格可议！,高淳雅居乐花园 -高淳,4室2厅 | 170.68平米 | 南 北 | 其他 | 低楼层(共10层)  | 塔楼,142,"8,320元/平"
高淳碧桂园 3室2厅 南,高淳碧桂园 -高淳,3室2厅 | 133.25平米 | 南 | 简装 | 中楼层(共27层)  | 暂无数据,93,"6,980元/平"
万悦城3室2厅1厨2卫，户型较好，业主诚心出售！,万悦城 -高淳,3室2厅 | 97.31平米 | 南 | 毛坯 | 高楼层(共18层)  | 板楼,72,"7,400元/平"
华地名仕居 3室2厅 南,华地名仕居 -高淳,3室2厅 | 135.75平米 | 南 | 其他 | 中楼层(共6层)  | 暂无数据,101.8,"7,500元/平"
舜天南郡 3室2厅 南,舜天南郡 -高淳,3室2厅 | 131平米 | 南 | 精装 | 中楼层(共7层)  | 暂无数据,92,"7,023元/平"
丰和湾精装三房诚售120万看中价可议,丰和湾 -高淳,3室2厅 | 135.19平米 | 南 | 精装 | 低楼层(共18层)  | 板楼,120,"8,877元/平"
洋房花样年花样城132.17平米75万元,花样年花样城 -高淳,3室2厅 | 132.17平米 | 南 | 其他 | 中楼层(共6层)  | 板楼,70,"5,297元/平"
业主诚心出售，此房已满两年，小区环境好,花样年花样城 -高淳,4室2厅 | 129.75平米 | 南 | 毛坯 | 低楼层(共8层)  | 板楼,100,"7,708元/平"
高淳雅居乐花园 3室2厅 南,高淳雅居乐花园 -高淳,3室2厅 | 94.49平米 | 南 | 其他 | 中楼层(共27层)  | 板楼,53.8,"5,694元/平"
高淳雅居乐花园 3室2厅 南 北,高淳雅居乐花园 -高淳,3室2厅 | 93.28平米 | 南 北 | 其他 | 中楼层(共23层)  | 板楼,60,"6,433元/平"
高淳雅居乐花园 3室2厅 北 南,高淳雅居乐花园 -高淳,3室2厅 | 92.7平米 | 北 南 | 其他 | 低楼层(共27层)  | 板楼,55,"5,934元/平"
高淳雅居乐花园3室2厅1卫，中高楼层，业主诚心卖,高淳雅居乐花园 -高淳,3室2厅 | 94.11平米 | 南 | 其他 | 高楼层(共27层)  | 板楼,56,"5,951元/平"
高淳雅居乐花园 3室2厅 南,高淳雅居乐花园 -高淳,3室2厅 | 92.7平米 | 南 | 其他 | 低楼层(共27层)  | 板楼,65,"7,012元/平"
东方公馆 2室2厅 89.76㎡ 南 满两年,东方公馆 -高淳,2室2厅 | 89.76平米 | 南 | 毛坯 | 中楼层(共9层)  | 板楼,58,"6,462元/平"
双湖星城 4室2厅 南,双湖星城 -高淳,4室2厅 | 80.02平米 | 南 | 其他 | 高楼层(共6层)  | 板楼,55,"6,874元/平"
甘霖路36号  2室1厅 南 北,甘霖路36号  -高淳,2室1厅 | 71.18平米 | 南 北 | 其他 | 高楼层(共6层)  | 板塔结合,41.8,"5,873元/平"
隆豪翡翠星城 3室1厅 南 北,隆豪翡翠星城 -高淳,3室1厅 | 74.52平米 | 南 北 | 其他 | 高楼层(共8层)  | 板楼,62.8,"8,428元/平"
东方公馆 2室2厅 南,东方公馆 -高淳,2室2厅 | 85.17平米 | 南 | 其他 | 高楼层(共10层)  | 板楼,55,"6,458元/平"
高淳碧桂园 3室2厅 南,高淳碧桂园 -高淳,3室2厅 | 134平米 | 南 | 其他 | 高楼层(共27层)  | 板楼,100,"7,463元/平"
大丰景苑H区 2室2厅 南,大丰景苑H区 -高淳,2室2厅 | 76.7平米 | 南 | 其他 | 高楼层(共16层)  | 暂无数据,39.8,"5,190元/平"
紫雅苑 3室2厅 南 北,紫雅苑 -高淳,3室2厅 | 113平米 | 南 北 | 其他 | 中楼层(共11层)  | 板楼,80.8,"7,151元/平"
大丰景苑H区三房两厅一卫好楼层63.8万,大丰景苑H区 -高淳,3室2厅 | 112.63平米 | 南 北 | 其他 | 高楼层(共16层)  | 暂无数据,63.8,"5,665元/平"
低总价小户型两房，步梯得房率高，采光好,双湖星城 -高淳,2室1厅 | 90平米 | 南 | 毛坯 | 低楼层(共6层)  | 板楼,35,"3,889元/平"
景和名苑105平仅售75万。看中可小刀,景和名苑 -高淳,3室2厅 | 105平米 | 南 北 | 毛坯 | 低楼层(共8层)  | 暂无数据,75,"7,143元/平"
高淳雅居乐花园 3室2厅 南,高淳雅居乐花园 -高淳,3室2厅 | 94.81平米 | 南 | 其他 | 高楼层(共26层)  | 塔楼,55,"5,802元/平"
高淳雅居乐花园 3室2厅 南,高淳雅居乐花园 -高淳,3室2厅 | 93平米 | 南 | 其他 | 高楼层(共27层)  | 板楼,60,"6,452元/平"
价格实惠诚心售卖无遮挡户型好看中价格可谈,高淳雅居乐花园 -高淳,3室2厅 | 95平米 | 南 | 其他 | 低楼层(共27层)  | 板楼,67.5,"7,106元/平"
：户型好，全明户型，带双阳台，房龄新.............,高淳雅居乐花园 -高淳,3室2厅 | 92.7平米 | 南 北 | 其他 | 中楼层(共27层)  | 板楼,60,"6,473元/平"
中交荣域B区 3室2厅 南,中交荣域B区 -高淳,3室2厅 | 85.75平米 | 南 | 其他 | 中楼层(共19层)  | 暂无数据,66,"7,697元/平"
紫晶美域 2室2厅 南,紫晶美域 -高淳,2室2厅 | 86.01平米 | 南 | 其他 | 中楼层(共11层)  | 板楼,45.9,"5,337元/平"
如意山水简单装修101平，诚售价可议,如意山水东区 -高淳,3室2厅 | 101.64平米 | 南 | 其他 | 低楼层(共10层)  | 暂无数据,62,"6,100元/平"
税费少，房东已换房急售。房型方正，刚需好房。,波西塔诺东郡 -高淳,2室2厅 | 93.5平米 | 南 | 其他 | 中楼层(共6层)  | 暂无数据,62,"6,632元/平"
高淳碧桂园 3室2厅 南,高淳碧桂园 -高淳,3室2厅 | 119平米 | 南 | 其他 | 高楼层(共18层)  | 暂无数据,93,"7,816元/平"
金地华城 2室2厅 南,金地华城 -高淳,2室2厅 | 90.27平米 | 南 | 其他 | 中楼层(共6层)  | 暂无数据,75,"8,309元/平"
中交荣域B区 2室2厅 南,中交荣域B区 -高淳,2室2厅 | 76.67平米 | 南 | 其他 | 低楼层(共20层)  | 板楼,55,"7,174元/平"
康桥家园精装3楼86.75平米59.8万元，拎包入住,康桥家园 -高淳,2室2厅 | 86.75平米 | 南 | 其他 | 中楼层(共6层)  | 暂无数据,59.8,"6,894元/平"
东方公馆 2室2厅 南,东方公馆 -高淳,2室2厅 | 89.12平米 | 南 | 其他 | 中楼层(共11层)  | 板楼,58,"6,509元/平"
波西塔诺东郡 2室2厅 南,波西塔诺东郡 -高淳,2室2厅 | 90.51平米 | 南 | 其他 | 中楼层(共6层)  | 暂无数据,52,"5,746元/平"
东方曼园 2室2厅 南,东方曼园 -高淳,2室2厅 | 94.31平米 | 南 | 其他 | 中楼层(共16层)  | 暂无数据,55,"5,832元/平"
东方公馆 2室2厅 南,东方公馆 -高淳,2室2厅 | 85.17平米 | 南 | 其他 | 低楼层(共10层)  | 板楼,56,"6,576元/平"
紫晶美域毛坯三室两厅一卫，户型方正，南北通透，,紫晶美域 -高淳,2室1厅 | 86.01平米 | 南 北 | 其他 | 高楼层(共11层)  | 板楼,59,"6,860元/平"
高淳雅居乐花园 3室2厅 南,高淳雅居乐花园 -高淳,3室2厅 | 92.75平米 | 南 | 精装 | 低楼层(共27层)  | 塔楼,70,"7,548元/平"
苏宁雅居三期 4室2厅 南,苏宁雅居三期 -高淳,4室2厅 | 141.18平米 | 南 | 其他 | 低楼层(共8层)  | 暂无数据,125,"8,854元/平"
高淳碧桂园 3室2厅 南,高淳碧桂园 -高淳,3室2厅 | 122.69平米 | 南 | 其他 | 高楼层(共27层)  | 塔楼,99.8,"8,135元/平"
金地康城精装5楼三房两厅两卫80万,金地康城 -高淳,3室2厅 | 123.98平米 | 南 | 其他 | 高楼层(共7层)  | 板楼,79.8,"6,437元/平"
高淳雅居乐花园 4室2厅 南,高淳雅居乐花园 -高淳,4室2厅 | 125平米 | 南 | 其他 | 高楼层(共27层)  | 塔楼,83,"6,640元/平"
波西塔诺东郡 3室2厅 南,波西塔诺东郡 -高淳,3室2厅 | 133.07平米 | 南 | 其他 | 低楼层(共6层)  | 暂无数据,95,"7,140元/平"
苏宁雅居一期 3室2厅 南,苏宁雅居一期 -高淳,3室2厅 | 100.18平米 | 南 | 其他 | 中楼层(共8层)  | 板楼,92,"9,184元/平"
都市尚品2室2厅1卫精装电梯好房。,都市尚品 -高淳,2室2厅 | 79.91平米 | 南 | 其他 | 低楼层(共11层)  | 暂无数据,76,"9,511元/平"
融创中南御园 4室2厅 南,融创中南御园 -高淳,4室2厅 | 118.16平米 | 南 | 其他 | 低楼层(共10层)  | 板楼,99.8,"8,447元/平"
此房位于城东位置，孩子上课方便，体育馆旁边,东方曼园 -高淳,3室2厅 | 119.12平米 | 南 | 其他 | 高楼层(共11层)  | 板楼,69.8,"5,860元/平"
苏宁雅居一期 3室2厅 南,苏宁雅居一期 -高淳,3室2厅 | 100.18平米 | 南 | 其他 | 高楼层(共8层)  | 板楼,80,"7,986元/平"
东方曼园 3室2厅 南,东方曼园 -高淳,3室2厅 | 120.76平米 | 南 | 其他 | 中楼层(共11层)  | 板楼,82.8,"6,857元/平"
紫晶美域 3室2厅 南 北,紫晶美域 -高淳,3室2厅 | 99.77平米 | 南 北 | 其他 | 中楼层(共11层)  | 暂无数据,60,"6,014元/平"
福源名居 2室2厅 南,福源名居 -高淳,2室2厅 | 87.68平米 | 南 | 其他 | 中楼层(共8层)  | 板塔结合,68.6,"7,824元/平"
隆豪翡翠星城 3室2厅 南,隆豪翡翠星城 -高淳,3室2厅 | 108.7平米 | 南 | 其他 | 低楼层(共8层)  | 板楼,98,"9,016元/平"
高淳碧桂园 3室2厅 南,高淳碧桂园 -高淳,3室2厅 | 122.7平米 | 南 | 其他 | 低楼层(共27层)  | 板楼,85,"6,928元/平"
项目位于美丽的固城湖畔，属一线临湖高尚住宅小区。,融创中南御园 -高淳,4室2厅 | 118平米 | 南 北 | 其他 | 中楼层(共10层)  | 板楼,106,"8,984元/平"
中交荣域C区 3室2厅 南,中交荣域C区 -高淳,3室2厅 | 95.02平米 | 南 | 其他 | 中楼层(共20层)  | 板楼,75,"7,894元/平"
宝龙世家地处高淳城北商务新区，倚靠高淳地铁站,宝龙世家 -高淳,3室2厅 | 99.83平米 | 南 | 其他 | 高楼层(共27层)  | 暂无数据,92.8,"9,296元/平"
高淳雅居乐花园 3室2厅 南,高淳雅居乐花园 -高淳,3室2厅 | 103.38平米 | 南 | 其他 | 高楼层(共27层)  | 板楼,74,"7,159元/平"
高淳雅居乐花园，3室2厅1卫，采光无遮挡，业主诚心卖,高淳雅居乐花园 -高淳,3室2厅 | 109.69平米 | 南 | 其他 | 中楼层(共26层)  | 塔楼,78,"7,111元/平"
已换房诚心出售、业主自住、看房方便。,波西塔诺东郡 -高淳,3室2厅 | 132.72平米 | 南 | 其他 | 高楼层(共6层)  | 暂无数据,69.8,"5,260元/平"
宝龙广场 低楼层 精装三房 业主急售 可议价,宝龙世家 -高淳,3室2厅 | 99.83平米 | 南 | 其他 | 低楼层(共27层)  | 暂无数据,106,"10,619元/平"
高淳碧桂园 3室2厅 南,高淳碧桂园 -高淳,3室2厅 | 92.35平米 | 南 | 其他 | 高楼层(共27层)  | 板楼,60,"6,498元/平"
毛坯，三室两厅一卫，户型好，采光充足，业主诚心卖,高淳雅居乐花园 -高淳,3室2厅 | 94.81平米 | 南 | 其他 | 低楼层(共26层)  | 塔楼,70,"7,384元/平"
卓越浅水湾 3室2厅 南,卓越浅水湾 -高淳,3室2厅 | 95.5平米 | 南 | 其他 | 中楼层(共8层)  | 板楼,89,"9,320元/平"
波西塔诺架空一楼106.38平米，保养清爽干净69.8万,波西塔诺东郡 -高淳,3室2厅 | 106.38平米 | 南 | 其他 | 低楼层(共5层)  | 暂无数据,69,"6,487元/平"
江山嘉园 4室2厅 南,江山嘉园 -高淳,4室2厅 | 160.14平米 | 南 | 其他 | 低楼层(共6层)  | 暂无数据,100,"6,245元/平"
高淳雅居乐花园三室，楼层好，视野开阔,高淳雅居乐花园 -高淳,3室2厅 | 109.69平米 | 南 | 其他 | 高楼层(共26层)  | 塔楼,65,"5,926元/平"
卓越浅水湾 3室2厅 南,卓越浅水湾 -高淳,3室2厅 | 95.5平米 | 南 | 其他 | 中楼层(共8层)  | 板楼,89,"9,320元/平"
双南户型，楼层好，采光不遮挡，精装修,金地康城 -高淳,2室1厅 | 90.77平米 | 南 | 其他 | 中楼层(共6层)  | 板楼,78,"8,594元/平"
紫晶美域 3室2厅 南,紫晶美域 -高淳,3室2厅 | 121.43平米 | 南 | 其他 | 中楼层(共11层)  | 板楼,70,"5,765元/平"
毛坯房 位置好 可自由装修 看中可谈 急卖,花样年花样城 -高淳,2室2厅 | 88.6平米 | 南 | 毛坯 | 中楼层(共24层)  | 板楼,45,"5,080元/平"
紫晶美域 3室2厅 南 北,紫晶美域 -高淳,3室2厅 | 120.25平米 | 南 北 | 其他 | 高楼层(共11层)  | 暂无数据,66,"5,489元/平"
项目品质很不错，配套齐全，小区环境好！,高淳雅园 -高淳,2室2厅 | 78.29平米 | 南 | 精装 | 高楼层(共5层)  | 暂无数据,125,"15,967元/平"
有院子各种生活设施齐全很适合养生,高淳雅园 -高淳,2室2厅 | 80.79平米 | 南 | 精装 | 低楼层(共5层)  | 暂无数据,125,"15,473元/平"
东边户 居家两房 户型方正 看房方便,万悦城 -高淳,2室1厅 | 76.65平米 | 南 | 毛坯 | 中楼层(共7层)  | 板楼,64,"8,350元/平"
紫晶美域 2室2厅 南,紫晶美域 -高淳,2室2厅 | 87.76平米 | 南 | 其他 | 中楼层(共11层)  | 板楼,48,"5,470元/平"
低总价小三房，带朝南实用院子，环境优美,东方公馆 -高淳,3室2厅 | 85.17平米 | 南 | 毛坯 | 低楼层(共10层)  | 板楼,62,"7,280元/平"
中交荣域C区 3室2厅 南,中交荣域C区 -高淳,3室2厅 | 95平米 | 南 | 毛坯 | 中楼层(共20层)  | 板楼,73.8,"7,769元/平"
高淳雅居乐花园 4室2厅 南,高淳雅居乐花园 -高淳,4室2厅 | 127平米 | 南 | 毛坯 | 高楼层(共27层)  | 板楼,63.5,"5,000元/平"
中交荣域120平三房2卫好楼层88万,中交荣域B区 -高淳,3室2厅 | 123平米 | 南 | 其他 | 中楼层(共20层)  | 暂无数据,88,"7,155元/平"
宝龙世家 3室2厅 南,宝龙世家 -高淳,3室2厅 | 99.61平米 | 南 | 精装 | 低楼层(共27层)  | 暂无数据,80,"8,032元/平"
湖滨大道旁边浅水湾，户型通透采光好。,卓越浅水湾 -高淳,3室2厅 | 137.79平米 | 南 | 毛坯 | 低楼层(共3层)  | 板楼,130,"9,435元/平"
宝龙世家 4室2厅 南,宝龙世家 -高淳,4室2厅 | 118.39平米 | 南 | 其他 | 中楼层(共7层)  | 板塔结合,115,"9,714元/平"
大丰景苑102平三房两厅一卫毛坯6楼53.8万,大丰景苑F区 -高淳,3室2厅 | 102.29平米 | 南 | 其他 | 中楼层(共9层)  | 暂无数据,53.8,"5,260元/平"
高淳雅居乐花园 4室2厅 南,高淳雅居乐花园 -高淳,4室2厅 | 136.51平米 | 南 | 毛坯 | 中楼层(共27层)  | 板楼,89.8,"6,579元/平"
全明户型，房东诚心出售，精装修，高档小区,金悦雅苑澜园 -高淳,4室2厅 | 138.61平米 | 南 | 精装 | 中楼层(共8层)  | 板楼,158.8,"11,457元/平"
紫晶美域 2室2厅 南,紫晶美域 -高淳,2室2厅 | 87.74平米 | 南 | 其他 | 中楼层(共11层)  | 暂无数据,45,"5,129元/平"
华地名仕居134.5平米精装+阁楼+露台。,华地名仕居 -高淳,4室2厅 | 134.5平米 | 南 | 精装 | 高楼层(共6层)  | 暂无数据,95,"7,064元/平"
金地康城 3室2厅 南,金地康城 -高淳,3室2厅 | 114.2平米 | 南 | 精装 | 中楼层(共6层)  | 板楼,102.6,"8,985元/平"
高淳碧桂园 三房两厅两卫 好楼层 采光好,高淳碧桂园 -高淳,3室2厅 | 122.6平米 | 南 | 其他 | 低楼层(共27层)  | 板楼,80,"6,526元/平"
雅居乐4室2厅2卫，楼层好，采光不遮挡,高淳雅居乐花园 -高淳,4室2厅 | 128平米 | 南 北 | 其他 | 中楼层(共27层)  | 板楼,118,"9,219元/平"
高淳雅居乐花园 3室2厅 南,高淳雅居乐花园 -高淳,3室2厅 | 136.36平米 | 南 | 其他 | 高楼层(共26层)  | 塔楼,91.8,"6,733元/平"
婚房装修，三室二卫，户型好，看房方便,东方曼园 -高淳,3室2厅 | 119.12平米 | 南 北 | 其他 | 中楼层(共11层)  | 板楼,92.8,"7,791元/平"
与碧桂园万科中宏万家为邻........,中交荣域B区 -高淳,4室2厅 | 145平米 | 南 | 其他 | 高楼层(共20层)  | 板楼,108,"7,449元/平"
位于碧桂园万科旁中交B区..........,中交荣域B区 -高淳,3室2厅 | 96.16平米 | 南 | 其他 | 低楼层(共20层)  | 板楼,70,"7,280元/平"
中交荣域B区 3室2厅 南,中交荣域B区 -高淳,3室2厅 | 95平米 | 南 | 其他 | 低楼层(共20层)  | 暂无数据,69,"7,264元/平"
中交新小区  低总价 装修好的 拎包入住,中交荣域B区 -高淳,3室2厅 | 96.16平米 | 南 | 其他 | 低楼层(共20层)  | 板楼,67,"6,968元/平"
金悦雅苑澜园三室精装修，好楼层,金悦雅苑澜园 -高淳,3室2厅 | 98.37平米 | 南 | 其他 | 中楼层(共8层)  | 板楼,96,"9,760元/平"
东方公馆 3室2厅 南,东方公馆 -高淳,3室2厅 | 89.12平米 | 南 | 简装 | 高楼层(共11层)  | 板楼,62,"6,957元/平"
御沁园 2室2厅 南,御沁园 -高淳,2室2厅 | 90.65平米 | 南 | 其他 | 高楼层(共11层)  | 暂无数据,60,"6,619元/平"
全新品牌小区.............,金悦雅苑臻园 -高淳,3室2厅 | 88.98平米 | 南 | 其他 | 中楼层(共7层)  | 板楼,89,"10,003元/平"
此房位于主城中间位置，生活商圈成熟，配套齐全,舜天南郡 -高淳,2室2厅 | 89.98平米 | 南 | 其他 | 低楼层(共7层)  | 暂无数据,72,"8,002元/平"
居家两房 户型方正  中间楼层  诚心出售,紫晶美域 -高淳,2室2厅 | 87.76平米 | 南 | 其他 | 中楼层(共11层)  | 板楼,48,"5,470元/平"
二室户型，双开间朝南，看中价格可谈,金地康城 -高淳,2室2厅 | 90.82平米 | 南 | 其他 | 低楼层(共6层)  | 板楼,66.8,"7,356元/平"
江山星园 2室1厅 南,江山星园 -高淳,2室1厅 | 68.8平米 | 南 | 其他 | 中楼层(共7层)  | 板楼,58,"8,431元/平"
双阳台，面积大，三房三阳台，总价低，业主诚心出售,高淳雅居乐花园 -高淳,2室2厅 | 93.29平米 | 南 | 其他 | 低楼层(共23层)  | 板楼,52,"5,575元/平"
房子采光不挡，户型方正，现在业主急售急售急售,花样年花样城 -高淳,1室1厅 | 69.59平米 | 南 | 其他 | 低楼层(共24层)  | 板楼,32,"4,599元/平"
富丽花园一楼哑光白装修，采光好,富丽花园西区 -高淳,2室2厅 | 84.55平米 | 南 | 其他 | 低楼层(共11层)  | 暂无数据,68.8,"8,138元/平"
中宏万家 近地铁 两房两厅一卫 业主急售,中宏万家广场 -高淳,2室2厅 | 95.47平米 | 南 | 其他 | 高楼层(共25层)  | 塔楼,59,"6,180元/平"
紫晶美域 3室2厅 南,紫晶美域 -高淳,3室2厅 | 121平米 | 南 | 其他 | 高楼层(共11层)  | 板楼,72,"5,951元/平"
中交荣域B区 3室2厅 南,中交荣域B区 -高淳,3室2厅 | 94.95平米 | 南 | 其他 | 高楼层(共20层)  | 板楼,70,"7,373元/平"
高淳雅居乐花园 4室2厅 南,高淳雅居乐花园 -高淳,4室2厅 | 125平米 | 南 | 其他 | 高楼层(共27层)  | 板楼,74,"5,920元/平"
万悦城114.45平米毛坯75万急售！,万悦城 -高淳,3室2厅 | 114.45平米 | 南 | 毛坯 | 低楼层(共24层)  | 板楼,75,"6,554元/平"
万悦城 3室2厅 南,万悦城 -高淳,3室2厅 | 123.16平米 | 南 | 其他 | 高楼层(共18层)  | 板楼,85,"6,902元/平"
紫晶美域 3室2厅 南,紫晶美域 -高淳,3室2厅 | 120.25平米 | 南 | 其他 | 中楼层(共11层)  | 暂无数据,69,"5,739元/平"
紫晶美域 3室2厅 南,紫晶美域 -高淳,3室2厅 | 98.2平米 | 南 | 其他 | 中楼层(共11层)  | 板楼,54,"5,499元/平"
紫雅苑 3室2厅 南,紫雅苑 -高淳,3室2厅 | 125.25平米 | 南 | 其他 | 中楼层(共11层)  | 暂无数据,80,"6,388元/平"
中交荣域B区 3室2厅 南,中交荣域B区 -高淳,3室2厅 | 94.95平米 | 南 | 其他 | 中楼层(共20层)  | 板楼,68.8,"7,246元/平"
高淳雅居乐花园 4室2厅 南,高淳雅居乐花园 -高淳,4室2厅 | 125平米 | 南 | 其他 | 低楼层(共27层)  | 板楼,85,"6,800元/平"
中交荣域95平  三房两厅两卫  次新房,中交荣域B区 -高淳,3室2厅 | 95平米 | 南 | 其他 | 中楼层(共20层)  | 板楼,68.8,"7,243元/平"
中交荣域B区 3室2厅 南,中交荣域B区 -高淳,3室2厅 | 94.95平米 | 南 | 其他 | 低楼层(共20层)  | 板楼,64.8,"6,825元/平"
苏宁雅居三期 4室2厅 南,苏宁雅居三期 -高淳,4室2厅 | 142平米 | 南 | 其他 | 高楼层(共6层)  | 暂无数据,122,"8,592元/平"
福源名居 4室2厅 南,福源名居 -高淳,4室2厅 | 134.6平米 | 南 | 其他 | 高楼层(共8层)  | 板塔结合,120,"8,916元/平"
中交荣域B区 4室2厅 南,中交荣域B区 -高淳,4室2厅 | 145平米 | 南 | 其他 | 高楼层(共20层)  | 板楼,105,"7,242元/平"
总价低  精装两房  老城区地段,金地康城 -高淳,2室2厅 | 86.92平米 | 南 北 | 其他 | 高楼层(共6层)  | 板楼,55,"6,328元/平"
高淳雅居乐花园 3室2厅 南,高淳雅居乐花园 -高淳,3室2厅 | 103.44平米 | 南 | 其他 | 中楼层(共27层)  | 板楼,69,"6,671元/平"
高淳雅居乐花园 3室2厅 南,高淳雅居乐花园 -高淳,3室2厅 | 103.44平米 | 南 | 其他 | 中楼层(共27层)  | 板楼,69,"6,671元/平"
双湖明珠 2室1厅 南,双湖明珠 -高淳,2室1厅 | 101.94平米 | 南 | 其他 | 低楼层(共3层)  | 暂无数据,70,"6,867元/平"
中交荣域B区 95平 3房2卫,中交荣域B区 -高淳,3室2厅 | 94.95平米 | 南 | 其他 | 中楼层(共20层)  | 板楼,66,"6,952元/平"
中交荣域B区 4室2厅 南,中交荣域B区 -高淳,4室2厅 | 126平米 | 南 | 其他 | 高楼层(共18层)  | 板塔结合,102.8,"8,159元/平"
景桥茗苑北区 3室2厅 南,景桥茗苑北区 -高淳,3室2厅 | 112.26平米 | 南 | 其他 | 高楼层(共6层)  | 暂无数据,80,"7,127元/平"
都市尚品 3室1厅 南,都市尚品 -高淳,3室1厅 | 92.5平米 | 南 | 其他 | 高楼层(共6层)  | 暂无数据,49,"5,298元/平"
中交荣域B区 3室2厅 南,中交荣域B区 -高淳,3室2厅 | 85.6平米 | 南 | 毛坯 | 中楼层(共19层)  | 暂无数据,60,"7,010元/平"
奕淳绿园 2室1厅 南,奕淳绿园 -高淳,2室1厅 | 89.3平米 | 南 | 精装 | 中楼层(共11层)  | 暂无数据,88,"9,855元/平"
高淳紫晶美域 次新房 82平 两房两厅一卫,紫晶美域 -高淳,2室2厅 | 82.34平米 | 南 | 毛坯 | 高楼层(共11层)  | 板楼,49,"5,951元/平"
阳光花园 2室2厅 南,阳光花园 -高淳,2室2厅 | 100.64平米 | 南 | 精装 | 中楼层(共5层)  | 暂无数据,55,"5,466元/平"
江山星园 3室2厅 南,江山星园 -高淳,3室2厅 | 125平米 | 南 | 精装 | 低楼层(共7层)  | 暂无数据,78.8,"6,304元/平"
高淳碧桂园 2室2厅 南,高淳碧桂园 -高淳,2室2厅 | 84.76平米 | 南 | 其他 | 高楼层(共27层)  | 板楼,52.8,"6,230元/平"
中交荣域四房装修用了五十几万，只要毛坯价，几乎全新,中交荣域A区 -高淳,4室2厅 | 145.35平米 | 南 | 精装 | 高楼层(共18层)  | 塔楼,135,"9,288元/平"
新房装修未入住，精装三室，业主诚心出售！,万悦城 -高淳,3室2厅 | 97平米 | 南 | 精装 | 中楼层(共18层)  | 板楼,93,"9,588元/平"
宝龙世家 3室2厅 南 北,宝龙世家 -高淳,3室2厅 | 113.37平米 | 南 北 | 毛坯 | 高楼层(共7层)  | 暂无数据,113,"9,968元/平"
高淳雅园两室好楼层，高档小区，环境好,高淳雅园 -高淳,2室2厅 | 78.29平米 | 南 | 其他 | 中楼层(共5层)  | 暂无数据,123,"15,711元/平"
高淳雅居乐花园 3室2厅 南,高淳雅居乐花园 -高淳,3室2厅 | 94.11平米 | 南 | 其他 | 低楼层(共27层)  | 板楼,75,"7,970元/平"
居家两房 户型方正  中间楼层  诚心出售,紫晶美域 -高淳,2室1厅 | 87.76平米 | 南 | 其他 | 中楼层(共11层)  | 板楼,49,"5,584元/平"
东方曼园 2室2厅 南,东方曼园 -高淳,2室2厅 | 94.98平米 | 南 | 其他 | 中楼层(共11层)  | 板楼,68.8,"7,244元/平"
紫晶美域 2室2厅 南,紫晶美域 -高淳,2室2厅 | 86.01平米 | 南 | 其他 | 中楼层(共11层)  | 板楼,49,"5,698元/平"
紫晶美域 2室2厅 南,紫晶美域 -高淳,2室2厅 | 86.01平米 | 南 | 其他 | 高楼层(共11层)  | 板楼,49,"5,698元/平"
中交荣域B区 2室1厅 南,中交荣域B区 -高淳,2室1厅 | 76.67平米 | 南 | 其他 | 低楼层(共20层)  | 板楼,58,"7,565元/平"
紫晶美域 2室1厅 南,紫晶美域 -高淳,2室1厅 | 86.01平米 | 南 | 其他 | 高楼层(共11层)  | 板楼,49,"5,698元/平"
中交荣域A区 3室2厅 南,中交荣域A区 -高淳,3室2厅 | 86平米 | 南 | 其他 | 高楼层(共20层)  | 板楼,55,"6,396元/平"
中交荣域A区 3室2厅 南,中交荣域A区 -高淳,3室2厅 | 86平米 | 南 | 其他 | 中楼层(共20层)  | 板楼,62,"7,210元/平"
新空毛坯 中间楼层 阳光好 价格可谈,高淳雅居乐花园 -高淳,3室2厅 | 94.11平米 | 南 | 其他 | 低楼层(共27层)  | 板楼,60,"6,376元/平"
东方公馆 2室2厅 南,东方公馆 -高淳,2室2厅 | 89.76平米 | 南 | 其他 | 高楼层(共9层)  | 板楼,68,"7,576元/平"
高淳雅居乐花园 3室2厅 南,高淳雅居乐花园 -高淳,3室2厅 | 92.97平米 | 南 | 其他 | 低楼层(共27层)  | 板楼,58,"6,239元/平"
高淳雅居乐花园 3室1厅 南 北,高淳雅居乐花园 -高淳,3室1厅 | 126.69平米 | 南 北 | 其他 | 低楼层(共27层)  | 塔楼,78,"6,157元/平"
户型方正，南北向，客厅宽大，采光好，,花样年花样城 -高淳,4室2厅 | 131.91平米 | 南 | 其他 | 高楼层(共23层)  | 板楼,70,"5,307元/平"
大丰景苑H区 3室2厅 南,大丰景苑H区 -高淳,3室2厅 | 125.03平米 | 南 | 其他 | 中楼层(共16层)  | 暂无数据,75,"5,999元/平"
高淳雅居乐花园 4室2厅 南,高淳雅居乐花园 -高淳,4室2厅 | 127.97平米 | 南 | 其他 | 低楼层(共27层)  | 板楼,88,"6,877元/平"
中交荣域D区 4室2厅 南,中交荣域D区 -高淳,4室2厅 | 127.34平米 | 南 | 精装 | 低楼层(共20层)  | 板楼,122.8,"9,644元/平"
刚需小三房加书房南北通透业主毛坯自装拎包入住,高淳雅居乐花园 -高淳,4室2厅 | 98.39平米 | 南 北 | 精装 | 中楼层(共26层)  | 塔楼,72.8,"7,400元/平"
波西塔诺3室2厅 精装修 采光好。,波西塔诺东郡 -高淳,3室2厅 | 130平米 | 南 | 其他 | 中楼层(共5层)  | 塔楼,98,"7,539元/平"
阳光花园 3室2厅 南,阳光花园 -高淳,3室2厅 | 94.88平米 | 南 | 其他 | 中楼层(共6层)  | 暂无数据,65.8,"6,936元/平"
江山星园 4室2厅 南,江山星园 -高淳,4室2厅 | 158.43平米 | 南 | 其他 | 中楼层(共7层)  | 暂无数据,86.8,"5,479元/平"
福源名居电梯5楼洋房，急售，价格可议,福源名居 -高淳,2室2厅 | 87.68平米 | 南 | 其他 | 中楼层(共8层)  | 板塔结合,72.8,"8,303元/平"
卓越浅水湾 4室2厅 南,卓越浅水湾 -高淳,4室2厅 | 118.62平米 | 南 | 其他 | 中楼层(共8层)  | 板楼,119,"10,033元/平"
大丰景苑A区 3室2厅 南,大丰景苑A区 -高淳,3室2厅 | 125.39平米 | 南 | 其他 | 中楼层(共16层)  | 暂无数据,78.8,"6,285元/平"
此房通透，居住舒服，采光足，大客厅,花样年花样城 -高淳,4室2厅 | 131.99平米 | 南 北 | 毛坯 | 中楼层(共6层)  | 板楼,78,"5,910元/平"
苏宁雅居一期 3室2厅 南,苏宁雅居一期 -高淳,3室2厅 | 100.3平米 | 南 | 精装 | 低楼层(共8层)  | 板楼,90,"8,974元/平"
中交荣域C区 3室2厅 南,中交荣域C区 -高淳,3室2厅 | 95平米 | 南 | 其他 | 中楼层(共20层)  | 板楼,72,"7,579元/平"
中宏万家广场 2室2厅 南,中宏万家广场 -高淳,2室2厅 | 98平米 | 南 | 其他 | 高楼层(共27层)  | 塔楼,56.8,"5,796元/平"
此房源实惠性高 成交快 业主人很好欢迎大家来看房,花样年花样城 -高淳,4室2厅 | 132.17平米 | 南 | 其他 | 中楼层(共6层)  | 板楼,73,"5,524元/平"
中交荣域A区 3室1厅 南,中交荣域A区 -高淳,3室1厅 | 86平米 | 南 | 毛坯 | 中楼层(共20层)  | 板楼,65,"7,559元/平"
金轮水映华庭 4室2厅 南,金轮水映华庭 -高淳,4室2厅 | 126.99平米 | 南 | 其他 | 高楼层(共11层)  | 暂无数据,108,"8,505元/平"
阳光花园124.57平米精装房诚售88万,阳光花园 -高淳,3室2厅 | 124.57平米 | 南 | 精装 | 低楼层(共6层)  | 暂无数据,88,"7,065元/平"
低楼层公摊面积少价格可以商量价格可以商量,江山星园 -高淳,2室2厅 | 88.35平米 | 南 | 精装 | 低楼层(共7层)  | 暂无数据,56.8,"6,429元/平"
金地康城 3室2厅 南 北,金地康城 -高淳,3室2厅 | 134.83平米 | 南 北 | 其他 | 中楼层(共6层)  | 暂无数据,118,"8,752元/平"
富康花园，精装2室，双南朝阳房，拎包入住,富康花园 -高淳,2室2厅 | 90.08平米 | 南 | 其他 | 中楼层(共5层)  | 暂无数据,66,"7,327元/平"
北漪园三室，换房诚售，拎包入住,北漪园住宅小区西区 -高淳,3室2厅 | 131.86平米 | 南 | 其他 | 高楼层(共5层)  | 暂无数据,68,"5,157元/平"
御沁园 2室2厅 南,御沁园 -高淳,2室2厅 | 99平米 | 南 | 其他 | 低楼层(共11层)  | 暂无数据,80,"8,081元/平"
隆豪翡翠星城 3室2厅 南,隆豪翡翠星城 -高淳,3室2厅 | 109.23平米 | 南 | 其他 | 低楼层(共8层)  | 板楼,133,"12,177元/平"
富康花园 2室2厅 南,富康花园 -高淳,2室2厅 | 90.08平米 | 南 | 其他 | 中楼层(共5层)  | 暂无数据,68,"7,549元/平"
金地名邸83平米精装72万加院子,金地名邸 -高淳,2室1厅 | 83平米 | 南 | 精装 | 低楼层(共4层)  | 暂无数据,72,"8,675元/平"
隆豪翡翠星城 3室2厅 南,隆豪翡翠星城 -高淳,3室2厅 | 109.44平米 | 南 | 毛坯 | 中楼层(共8层)  | 板楼,88,"8,041元/平"
锦颂华府 3室2厅 南,锦颂华府 -高淳,3室2厅 | 88.66平米 | 南 | 其他 | 高楼层(共11层)  | 板楼,80,"9,024元/平"
明丰文化苑北区 3室2厅 南,明丰文化苑北区 -高淳,3室2厅 | 113平米 | 南 | 其他 | 7层  | 板楼,75,"6,638元/平"
花样年花样城 4室2厅 南 北,花样年花样城 -高淳,4室2厅 | 131.91平米 | 南 北 | 其他 | 低楼层(共23层)  | 板楼,88,"6,672元/平"
宝龙世家 4室2厅 南 北,宝龙世家 -高淳,4室2厅 | 118.39平米 | 南 北 | 其他 | 中楼层(共7层)  | 暂无数据,125,"10,559元/平"
业主诚心出售，已满两年，采光好,花样年花样城 -高淳,4室2厅 | 131.82平米 | 南 北 | 毛坯 | 高楼层(共24层)  | 板楼,78,"5,918元/平"
业主诚心出售，已满两年，楼层中等采光好,花样年花样城 -高淳,4室2厅 | 113.51平米 | 南 北 | 毛坯 | 中楼层(共24层)  | 板楼,76,"6,696元/平"
高淳客运站旁.........,江山星园 -高淳,2室1厅 | 68.54平米 | 南 | 其他 | 高楼层(共7层)  | 暂无数据,60,"8,755元/平"
海尔双湖壹号公馆 4室2厅 南,海尔双湖壹号公馆 -高淳,4室2厅 | 138.2平米 | 南 | 毛坯 | 低楼层(共11层)  | 板楼,103.6,"7,497元/平"
高淳雅苑：打造国际慢城、择址江南水乡！,高淳雅园 -高淳,4室2厅 | 143.53平米 | 南 北 | 其他 | 中楼层(共5层)  | 暂无数据,243,"16,931元/平"
融创中南御园4室2厅2卫 全新未入住未出租 诚心出售,融创中南御园 -高淳,4室2厅 | 117平米 | 南 | 精装 | 高楼层(共7层)  | 板楼,116,"9,915元/平"
此房户型方正，采光好，业主诚心卖房。价格见面可以谈,花样年花样城 -高淳,5室2厅 | 129.75平米 | 南 北 | 其他 | 低楼层(共8层)  | 板楼,105,"8,093元/平"
富学苑 3室2厅 南,富学苑 -高淳,3室2厅 | 121.07平米 | 南 | 其他 | 中楼层(共5层)  | 暂无数据,75.8,"6,261元/平"
此房户型南北通透，采光好，业主诚心卖房,花样年花样城 -高淳,3室1厅 | 88.12平米 | 南 北 | 简装 | 中楼层(共23层)  | 板楼,49,"5,561元/平"
双阳台，楼层好，采光不遮挡，简单装修，业主诚心卖,高淳雅居乐花园 -高淳,4室2厅 | 126.12平米 | 南 北 | 其他 | 高楼层(共27层)  | 板楼,110,"8,722元/平"
此房满两年 楼层好  环境优美 次新房 功能性好,中交荣域C区 -高淳,3室2厅 | 95.55平米 | 南 | 其他 | 高楼层(共20层)  | 板楼,72,"7,536元/平"
波西塔诺精装三室123平80万，价可议,波西塔诺东郡 -高淳,3室2厅 | 123.53平米 | 南 | 其他 | 中楼层(共5层)  | 暂无数据,80,"6,477元/平"
紫晶美域 3室2厅 南 北,紫晶美域 -高淳,3室2厅 | 98.32平米 | 南 北 | 其他 | 中楼层(共11层)  | 板楼,56,"5,696元/平"
配套成熟交通便利业主诚心出售好楼层,高淳碧桂园 -高淳,3室1厅 | 122.6平米 | 西北 | 精装 | 低楼层(共27层)  | 板楼,85,"6,934元/平"
高淳雅居乐三房二厅一卫，小三房,高淳雅居乐花园 -高淳,3室2厅 | 94平米 | 南 北 | 精装 | 中楼层(共27层)  | 板楼,69,"7,341元/平"
大桥路 2室1厅 南,大桥路 -高淳,2室1厅 | 103.81平米 | 南 | 精装 | 中楼层(共4层)  | 暂无数据,68,"6,551元/平"
顶11跃12楼层高视野好采光充足看中价格可谈,金陵春苑 -高淳,4室2厅 | 155.67平米 | 南 | 其他 | 高楼层(共11层)  | 暂无数据,104.5,"6,713元/平"
花样年花样城 4室2厅 南 北,花样年花样城 -高淳,4室2厅 | 141.14平米 | 南 北 | 毛坯 | 中楼层(共4层)  | 板楼,99.8,"7,071元/平"
城北高档小区  景观好房 东边户,中交荣域B区 -高淳,4室2厅 | 145.78平米 | 南 | 毛坯 | 中楼层(共20层)  | 暂无数据,101,"6,929元/平"
淳安嘉园123.17平米毛坯66万急售价可议。,淳安嘉园 -高淳,3室2厅 | 123.17平米 | 南 | 简装 | 中楼层(共5层)  | 暂无数据,66,"5,359元/平"
景桥茗苑南区 2室1厅 南,景桥茗苑南区 -高淳,2室1厅 | 94.77平米 | 南 | 精装 | 高楼层(共6层)  | 暂无数据,65,"6,859元/平"
高淳雅居乐花园，户型好，全明户型,高淳雅居乐花园 -高淳,3室2厅 | 127.17平米 | 南 | 其他 | 高楼层(共27层)  | 板楼,90,"7,078元/平"
高淳雅居乐花园3室2厅1卫 好楼层,高淳雅居乐花园 -高淳,3室2厅 | 93平米 | 南 | 其他 | 中楼层(共27层)  | 板楼,65,"6,990元/平"
高淳固城湖电梯洋房福源名居湿地公园宝塔公园,福源名居 -高淳,3室2厅 | 109.27平米 | 南 北 | 精装 | 高楼层(共6层)  | 板楼,105,"9,610元/平"
高淳碧桂园，新房带电梯的，交通和生活便利,高淳碧桂园 -高淳,3室2厅 | 122.67平米 | 南 | 其他 | 低楼层(共27层)  | 板楼,89,"7,256元/平"
房源位于三层，是比较受欢迎楼层，精装修自住标准,双湖星城 -高淳,3室2厅 | 114.75平米 | 南 | 其他 | 中楼层(共6层)  | 板楼,65,"5,665元/平"
海尔双湖壹号公馆 3室2厅 南,海尔双湖壹号公馆 -高淳,3室2厅 | 123.09平米 | 南 | 其他 | 中楼层(共7层)  | 板楼,105,"8,531元/平"
此房满五年， 户型方正 ，配套设施齐全，生活便利,依水佳苑西区 -高淳,3室1厅 | 133.81平米 | 南 北 | 其他 | 高楼层(共6层)  | 板楼,110,"8,221元/平"
万悦城三室两卫，楼层好，业主诚售63万！,万悦城 -高淳,3室2厅 | 96.6平米 | 南 | 其他 | 高楼层(共10层)  | 板楼,63,"6,522元/平"
万悦城三室两卫，楼层好，业主诚售63万！,万悦城 -高淳,3室2厅 | 96.6平米 | 南 | 其他 | 高楼层(共10层)  | 板楼,63,"6,522元/平"
花园洋房 带电梯 位置不靠马路 居住舒适,花样年花样城 -高淳,4室2厅 | 132.17平米 | 南 北 | 其他 | 高楼层(共6层)  | 暂无数据,90,"6,810元/平"
三房一卫户型方面精装修可拎包入住,玲珑湾花园 -高淳,3室2厅 | 99.18平米 | 南 | 精装 | 中楼层(共5层)  | 暂无数据,88,"8,873元/平"
双南户型，楼层好，采光不遮挡，精装修，业主诚心卖,高淳雅居乐花园 -高淳,3室2厅 | 103.38平米 | 南 北 | 其他 | 低楼层(共27层)  | 板楼,83,"8,029元/平"
栖凤花园 3室2厅 南,栖凤花园 -高淳,3室2厅 | 119.3平米 | 南 | 其他 | 中楼层(共6层)  | 暂无数据,84,"7,042元/平"
高淳，地铁站旁边，明丰文化园北区，阁楼,明丰文化苑北区 -高淳,3室1厅 | 87.41平米 | 南 北 | 其他 | 5层  | 板楼,80,"9,153元/平"
双阳台，楼层好，采光不遮挡，毛坯，业主诚心卖,高淳雅居乐花园 -高淳,3室2厅 | 126.84平米 | 南 北 | 其他 | 高楼层(共23层)  | 板楼,82,"6,465元/平"
万悦城 居家装修 低于业主入手价 业主诚售 看中可谈,万悦城 -高淳,3室2厅 | 107.97平米 | 南 北 | 其他 | 高楼层(共25层)  | 板楼,95,"8,799元/平"
怡城花苑南区 2室2厅 南,怡城花苑南区 -高淳,2室2厅 | 98.4平米 | 南 | 其他 | 低楼层(共6层)  | 暂无数据,60.8,"6,179元/平"
桃园雅居A区，两室一卫，房东诚售！,桃园雅居A区 -高淳,2室1厅 | 83.79平米 | 南 | 其他 | 高楼层(共18层)  | 暂无数据,50,"5,968元/平"
一楼啊  进出方便采光好..........,双湖明珠 -高淳,3室2厅 | 120.12平米 | 南 | 其他 | 低楼层(共5层)  | 板楼,86,"7,160元/平"
金地华城 2室2厅 南 北,金地华城 -高淳,2室2厅 | 87.96平米 | 南 北 | 其他 | 低楼层(共5层)  | 暂无数据,65,"7,390元/平"
位置好 户型方正 毛坯 可自由装修 急卖,万悦城 -高淳,3室2厅 | 113.57平米 | 南 北 | 毛坯 | 高楼层(共25层)  | 板楼,84,"7,397元/平"
楼层好，采光不遮挡，简单装修，业主诚心卖,天淳江南 -高淳,2室2厅 | 86.42平米 | 南 北 | 精装 | 中楼层(共11层)  | 板塔结合,70,"8,100元/平"
S9高淳雅居乐花园74平方出售,高淳雅居乐花园 -高淳,1室1厅 | 74平米 | 南 | 毛坯 | 低楼层(共27层)  | 板楼,42,"5,676元/平"
中交荣域B区 4室2厅 南,中交荣域B区 -高淳,4室2厅 | 126.19平米 | 南 | 毛坯 | 低楼层(共18层)  | 板塔结合,72,"5,706元/平"
高淳碧桂园 3室2厅 南 北,高淳碧桂园 -高淳,3室2厅 | 92.31平米 | 南 北 | 精装 | 中楼层(共27层)  | 板塔结合,58.8,"6,370元/平"
成熟小区配套齐全楼层好视野宽阔采光充足满2年,花样年花样城 -高淳,4室2厅 | 131.82平米 | 南 北 | 简装 | 低楼层(共24层)  | 板楼,89,"6,752元/平"
双湖星城 2室2厅 南 北,双湖星城 -高淳,2室2厅 | 86.38平米 | 南 北 | 其他 | 低楼层(共6层)  | 板楼,52,"6,020元/平"
双湖星城3室1厅1厨1卫，户型较好，业主诚心出售！,双湖星城 -高淳,3室1厅 | 96.41平米 | 南 | 毛坯 | 高楼层(共6层)  | 板楼,50,"5,187元/平"
高淳碧桂园 3室2厅 北 南,高淳碧桂园 -高淳,3室2厅 | 133.21平米 | 北 南 | 其他 | 高楼层(共27层)  | 板楼,107,"8,033元/平"
低总价  毛坯三房   满2年  阳光好,高淳雅居乐花园 -高淳,3室2厅 | 93.29平米 | 南 | 其他 | 低楼层(共23层)  | 板楼,50,"5,360元/平"
位于三中附件............,书苑 -高淳,3室2厅 | 131平米 | 南 | 其他 | 中楼层(共5层)  | 板楼,88,"6,718元/平"
江山星园 3室2厅 南 北,江山星园 -高淳,3室2厅 | 122.78平米 | 南 北 | 其他 | 中楼层(共7层)  | 暂无数据,80,"6,516元/平"
位于高淳北漪路16号.............,北漪园住宅小区东区 -高淳,3室2厅 | 106.86平米 | 南 | 其他 | 中楼层(共5层)  | 板塔结合,80,"7,487元/平"
新的小区位于财智广场.........,融创中南御园 -高淳,3室2厅 | 88平米 | 南 | 其他 | 中楼层(共6层)  | 板楼,82,"9,319元/平"
此房三房两厅一卫，首付低，月供少，随时看房,垠领城市街区 -高淳,3室2厅 | 101.07平米 | 南 北 | 其他 | 低楼层(共6层)  | 板楼,28,"2,771元/平"
青云端花园 5室1厅 南 北,青云端花园 -高淳,5室1厅 | 136.59平米 | 南 北 | 其他 | 4层  | 暂无数据,298,"21,818元/平"
双湖星城 2室2厅 南,双湖星城 -高淳,2室2厅 | 85.84平米 | 南 | 其他 | 中楼层(共6层)  | 板楼,52,"6,058元/平"
户型方正，采光好，满二纯毛坯，生活便利,双湖星城 -高淳,2室2厅 | 86.38平米 | 南 | 其他 | 低楼层(共6层)  | 板楼,41.8,"4,840元/平"
户型好，全明户型，带双阳台，房龄新。，,万福城 -高淳,2室1厅 | 101.64平米 | 北 南 | 其他 | 低楼层(共6层)  | 板楼,66,"6,494元/平"
高淳紫晶美域中高楼层刚需养老次新房,紫晶美域 -高淳,2室2厅 | 87.76平米 | 南 北 | 其他 | 高楼层(共11层)  | 板楼,65,"7,407元/平"
高淳筑城村小区房子出售，精装修，看房方便！,筑城村小区 -高淳,2室1厅 | 78.95平米 | 南 北 | 其他 | 高楼层(共6层)  | 暂无数据,60,"7,600元/平"
楼层好，采光充足，满五唯一，精装修,怡城花苑北区 -高淳,3室1厅 | 104.29平米 | 南 | 其他 | 中楼层(共5层)  | 暂无数据,72,"6,904元/平"
有阳台，面积大，三房阳台，总价低,景湖名都 -高淳,3室2厅 | 93.88平米 | 南 北 | 其他 | 高楼层(共6层)  | 板楼,20,"2,131元/平"
双湖星城2室1厅1厨1卫，价格便宜，业主诚心出售！,双湖星城 -高淳,2室1厅 | 77.78平米 | 南 | 毛坯 | 高楼层(共6层)  | 板楼,42.8,"5,503元/平"
双湖星城3室2厅1厨1卫，户型好，业主诚心出售,双湖星城 -高淳,3室2厅 | 115.38平米 | 南 北 | 精装 | 低楼层(共6层)  | 板楼,90,"7,801元/平"
江南圣地苑 2室1厅 南,江南圣地苑 -高淳,2室1厅 | 92.34平米 | 南 | 精装 | 高楼层(共7层)  | 暂无数据,55,"5,957元/平"
紫晶美域 3室2厅 南,紫晶美域 -高淳,3室2厅 | 100.74平米 | 南 | 毛坯 | 高楼层(共11层)  | 板塔结合,48.8,"4,845元/平"
御沁园 3室2厅 南 北,御沁园 -高淳,3室2厅 | 120.81平米 | 南 北 | 毛坯 | 低楼层(共11层)  | 暂无数据,85,"7,036元/平"
世纪花园(高淳) 3室2厅 南,世纪花园(高淳) -高淳,3室2厅 | 118.05平米 | 南 | 精装 | 低楼层(共6层)  | 板楼,76,"6,438元/平"
紫晶美域 3室1厅 西 西北,紫晶美域 -高淳,3室1厅 | 98.2平米 | 西 西北 | 其他 | 低楼层(共11层)  | 板楼,66,"6,721元/平"
福源名居 2室2厅 南,福源名居 -高淳,2室2厅 | 85.86平米 | 南 | 其他 | 中楼层(共8层)  | 板塔结合,86,"10,017元/平"
凯悦花园 3室2厅 南 北,凯悦花园 -高淳,3室2厅 | 131.88平米 | 南 北 | 其他 | 中楼层(共6层)  | 板塔结合,100,"7,583元/平"
大湖美锦西区 4室2厅 南 北,大湖美锦西区 -高淳,4室2厅 | 179.74平米 | 南 北 | 其他 | 中楼层(共4层)  | 暂无数据,238,"13,242元/平"
万福城 6室2厅 南 北,万福城 -高淳,6室2厅 | 219.37平米 | 南 北 | 其他 | 低楼层(共5层)  | 板楼,288,"13,129元/平"
世纪花园(高淳) 3室2厅 南,世纪花园(高淳) -高淳,3室2厅 | 146.32平米 | 南 | 其他 | 高楼层(共6层)  | 板楼,70,"4,785元/平"
富康花园 2室2厅 南 北,富康花园 -高淳,2室2厅 | 100.01平米 | 南 北 | 其他 | 高楼层(共6层)  | 暂无数据,56.8,"5,680元/平"
户型好，全明户型，带双阳台，房龄新。,高淳雅园 -高淳,2室1厅 | 80.66平米 | 南 | 精装 | 中楼层(共5层)  | 暂无数据,138,"17,109元/平"
次顶楼 居家装修 大四房 户型方正 南北通风好,花样年花样城 -高淳,4室2厅 | 132.17平米 | 南 | 其他 | 高楼层(共6层)  | 板楼,102,"7,718元/平"
花样年洋房 全新毛坯 诚心卖 价格能谈 急卖,花样年花样城 -高淳,3室2厅 | 131.99平米 | 南 | 毛坯 | 中楼层(共6层)  | 板楼,108,"8,183元/平"
双湖星城 3室2厅 南,双湖星城 -高淳,3室2厅 | 115.79平米 | 南 | 毛坯 | 低楼层(共6层)  | 板楼,50,"4,319元/平"
北漪路69号 2室1厅 南,北漪路69号 -高淳,2室1厅 | 97.87平米 | 南 | 其他 | 高楼层(共6层)  | 暂无数据,51,"5,211元/平"
老城区 八佰伴商圈 临固城湖 便宜好房,金淳花园 -高淳,3室2厅 | 117.23平米 | 南 | 精装 | 高楼层(共7层)  | 暂无数据,60,"5,119元/平"
高淳地铁口 精装修三房 中间楼层 诚心卖房 看房有钥匙,融创中南御园 -高淳,3室1厅 | 85.56平米 | 南 | 精装 | 中楼层(共11层)  | 板楼,85,"9,935元/平"
淳安北村 2室1厅 南,淳安北村 -高淳,2室1厅 | 82.07平米 | 南 | 其他 | 高楼层(共6层)  | 板楼,50,"6,093元/平"
银庭馨苑 3室1厅 南,银庭馨苑 -高淳,3室1厅 | 152.88平米 | 南 | 精装 | 中楼层(共8层)  | 暂无数据,145,"9,485元/平"
北岭山庄，城中主干小区，东边户房源,北岭山庄 -高淳,2室1厅 | 105.3平米 | 南 | 精装 | 中楼层(共6层)  | 板塔结合,59.8,"5,680元/平"
银达新天地4楼精装120平景观房,银达新天地 -高淳,3室2厅 | 120.42平米 | 南 | 精装 | 中楼层(共7层)  | 板塔结合,116,"9,633元/平"
华地名仕居 2室2厅 南,华地名仕居 -高淳,2室2厅 | 99.22平米 | 南 | 其他 | 高楼层(共6层)  | 暂无数据,69.8,"7,035元/平"
锦绣华庭 3室2厅 南,锦绣华庭 -高淳,3室2厅 | 128.47平米 | 南 | 简装 | 中楼层(共4层)  | 暂无数据,90,"7,006元/平"
步梯跃层，采光无遮挡，挑高客厅，空间大,湖滨一品苑 -高淳,4室2厅 | 157.4平米 | 南 | 毛坯 | 高楼层(共4层)  | 暂无数据,150,"9,530元/平"
北岭山庄 2室1厅 南,北岭山庄 -高淳,2室1厅 | 63平米 | 南 | 简装 | 中楼层(共4层)  | 板塔结合,35,"5,556元/平"
房子户型方正 采光好 小区位置好 洋房,花样年花样城 -高淳,4室2厅 | 131.89平米 | 南 | 毛坯 | 中楼层(共8层)  | 板楼,78,"5,915元/平"
东方公馆 2室1厅 南,东方公馆 -高淳,2室1厅 | 85.17平米 | 南 | 毛坯 | 中楼层(共10层)  | 板楼,55,"6,458元/平"
高淳雅居乐花园 4室2厅 南,高淳雅居乐花园 -高淳,4室2厅 | 137平米 | 南 | 其他 | 高楼层(共27层)  | 板楼,99.8,"7,285元/平"
高淳碧桂园 3室1厅 南,高淳碧桂园 -高淳,3室1厅 | 122.62平米 | 南 | 其他 | 中楼层(共27层)  | 板楼,90,"7,340元/平"
花样年花样城 3室1厅 南 北,花样年花样城 -高淳,3室1厅 | 88.12平米 | 南 北 | 其他 | 中楼层(共23层)  | 板楼,53,"6,015元/平"
花样城2室2厅1厨1卫，户型较好，业主诚心出售！,花样年花样城 -高淳,2室2厅 | 88.12平米 | 南 | 其他 | 低楼层(共23层)  | 板楼,58.5,"6,639元/平"
刚需小三房，户型好，低总价，看房方便,花样年花样城 -高淳,3室1厅 | 88.12平米 | 南 北 | 其他 | 低楼层(共23层)  | 板楼,50.8,"5,765元/平"
高淳雅居乐花园 3室2厅 南,高淳雅居乐花园 -高淳,3室2厅 | 133.65平米 | 南 | 其他 | 中楼层(共26层)  | 塔楼,78,"5,837元/平"
首付10w+的房源，千万别错过。。。,金地华城 -高淳,2室2厅 | 89.45平米 | 南 北 | 其他 | 中楼层(共6层)  | 暂无数据,59.8,"6,686元/平"
富康花园 3室2厅 南 北,富康花园 -高淳,3室2厅 | 138.08平米 | 南 北 | 其他 | 低楼层(共6层)  | 暂无数据,92,"6,663元/平"
景桥茗苑北区 3室2厅 南 北,景桥茗苑北区 -高淳,3室2厅 | 83.31平米 | 南 北 | 其他 | 高楼层(共4层)  | 暂无数据,65,"7,803元/平"
如意山水东区 4室2厅 南,如意山水东区 -高淳,4室2厅 | 154.04平米 | 南 | 其他 | 高楼层(共11层)  | 暂无数据,106,"6,882元/平"
融创中南御园精致三房小户型，换房诚售,融创中南御园 -高淳,3室2厅 | 85.58平米 | 南 | 其他 | 高楼层(共11层)  | 板楼,75,"8,764元/平"
高淳碧桂园 3室2厅 南,高淳碧桂园 -高淳,3室2厅 | 92.32平米 | 南 | 其他 | 高楼层(共27层)  | 板楼,53.8,"5,828元/平"
北漪园住宅小区东区 3室2厅 南,北漪园住宅小区东区 -高淳,3室2厅 | 120.05平米 | 南 | 其他 | 中楼层(共6层)  | 暂无数据,66,"5,498元/平"
都市尚品 4室2厅 南,都市尚品 -高淳,4室2厅 | 154.63平米 | 南 | 其他 | 中楼层(共6层)  | 暂无数据,169.8,"10,982元/平"
金地华城 3室2厅 南,金地华城 -高淳,3室2厅 | 107.31平米 | 南 | 其他 | 低楼层(共11层)  | 暂无数据,94.8,"8,835元/平"
隆豪翡翠星城 2室2厅 南 北,隆豪翡翠星城 -高淳,2室2厅 | 74.52平米 | 南 北 | 其他 | 高楼层(共8层)  | 板楼,78.8,"10,575元/平"
紫晶美域 3室2厅 南 北,紫晶美域 -高淳,3室2厅 | 100.74平米 | 南 北 | 其他 | 高楼层(共7层)  | 板塔结合,70,"6,949元/平"
双湖星城2室2厅1厨1卫，户型较好，业主诚心出售！,双湖星城 -高淳,2室2厅 | 86.63平米 | 南 | 其他 | 高楼层(共6层)  | 暂无数据,50,"5,772元/平"
万福城 2室2厅 北 南,万福城 -高淳,2室2厅 | 82.62平米 | 北 南 | 其他 | 高楼层(共6层)  | 板楼,58,"7,021元/平"
高淳碧桂园 3室1厅 南 北,高淳碧桂园 -高淳,3室1厅 | 92.35平米 | 南 北 | 其他 | 中楼层(共27层)  | 塔楼,60,"6,498元/平"
御沁园 5室2厅 南 北,御沁园 -高淳,5室2厅 | 207.96平米 | 南 北 | 其他 | 高楼层(共6层)  | 暂无数据,155,"7,454元/平"
楼层好前后无遮挡，视线好， 该房采光通风好,高淳碧桂园 -高淳,2室2厅 | 82.65平米 | 南 北 | 其他 | 低楼层(共6层)  | 板楼,69,"8,349元/平"
高淳东方公馆二房二厅一卫纯毛坯,东方公馆 -高淳,2室2厅 | 85.17平米 | 南 北 | 其他 | 中楼层(共10层)  | 板楼,58,"6,810元/平"
高淳孔雀城湖畔澜庭 3室2厅 南 北,高淳孔雀城湖畔澜庭 -高淳,3室2厅 | 210平米 | 南 北 | 简装 | 低楼层(共6层)  | 暂无数据,150,"7,143元/平"
位置好 中间楼层  户型方正 急卖,双湖星城 -高淳,2室2厅 | 81.38平米 | 南 | 其他 | 低楼层(共6层)  | 板楼,58,"7,128元/平"
双湖星城 3室2厅 南,双湖星城 -高淳,3室2厅 | 112.69平米 | 南 | 其他 | 中楼层(共6层)  | 板楼,48,"4,260元/平"
凤岭山庄北区 3室2厅 南,凤岭山庄北区 -高淳,3室2厅 | 116.94平米 | 南 | 其他 | 高楼层(共7层)  | 板楼,70,"5,986元/平"
房子楼层好.公摊面积少。三室两厅两卫，房东诚售,万福城 -高淳,3室2厅 | 131.78平米 | 南 | 其他 | 中楼层(共6层)  | 板楼,98,"7,437元/平"
淳安北村57.67平米精装有院子45万,淳安北村 -高淳,2室1厅 | 57.67平米 | 南 | 精装 | 低楼层(共4层)  | 暂无数据,45,"7,804元/平"
带前后院联排别墅，距离南师的初中500米。,双湖明珠 -高淳,5室3厅 | 195.57平米 | 南 | 其他 | 低楼层(共3层)  | 暂无数据,238,"12,170元/平"
隆豪翡翠星城 5室2厅 南,隆豪翡翠星城 -高淳,5室2厅 | 449.02平米 | 南 | 其他 | 低楼层(共3层)  | 暂无数据,598,"13,318元/平"
紫晶美域 2室2厅 南,紫晶美域 -高淳,2室2厅 | 87.76平米 | 南 | 其他 | 低楼层(共11层)  | 板楼,51,"5,812元/平"
三房两卫比较受欢迎户型，电梯房，交通生活便利,融创中南御园 -高淳,3室2厅 | 85.56平米 | 南 | 其他 | 中楼层(共11层)  | 板楼,78,"9,117元/平"
项目品质很不错，配套齐全，小区环境好！,高淳雅园 -高淳,3室2厅 | 96.77平米 | 南 北 | 其他 | 低楼层(共5层)  | 暂无数据,149.8,"15,481元/平"
中交荣域C区 3室2厅 南,中交荣域C区 -高淳,3室2厅 | 114.34平米 | 南 | 其他 | 高楼层(共20层)  | 板楼,82,"7,172元/平"
紫晶美域 千禧华府 次新房大三房,紫晶美域 -高淳,3室2厅 | 121.43平米 | 南 北 | 其他 | 中楼层(共11层)  | 板楼,80,"6,589元/平"
南漪路39号 2室2厅 南 北,南漪路39号 -高淳,2室2厅 | 71.56平米 | 南 北 | 其他 | 高楼层(共6层)  | 暂无数据,33.8,"4,724元/平"
房主急售，新小区位置佳，楼层好，小区环境好,东方曼园 -高淳,2室2厅 | 93.07平米 | 南 | 其他 | 高楼层(共16层)  | 暂无数据,52,"5,588元/平"
高淳江山嘉园，户型好，面积大，精装修,江山嘉园 -高淳,3室2厅 | 142.85平米 | 南 | 精装 | 中楼层(共6层)  | 暂无数据,105,"7,351元/平"
湖滨板块 电梯小区.............,如意山水东区 -高淳,2室2厅 | 90.61平米 | 南 | 其他 | 中楼层(共11层)  | 暂无数据,50,"5,519元/平"
金淳花园 3室2厅 南 北,金淳花园 -高淳,3室2厅 | 135.4平米 | 南 北 | 其他 | 高楼层(共6层)  | 暂无数据,80,"5,909元/平"
大丰景苑H区 3室1厅 南 北,大丰景苑H区 -高淳,3室1厅 | 93.42平米 | 南 北 | 其他 | 中楼层(共16层)  | 暂无数据,51.8,"5,545元/平"
融创中南御园 4室2厅 南,融创中南御园 -高淳,4室2厅 | 118.11平米 | 南 | 其他 | 低楼层(共10层)  | 板楼,96,"8,129元/平"
高淳孔雀城湖畔澜庭 4室3厅 南,高淳孔雀城湖畔澜庭 -高淳,4室3厅 | 208.52平米 | 南 | 其他 | 地下室(共8层)  | 暂无数据,179,"8,585元/平"
双湖星城 3室2厅 南,双湖星城 -高淳,3室2厅 | 113.8平米 | 南 | 简装 | 高楼层(共8层)  | 板楼,65,"5,712元/平"
户型好，坐北朝南 方正，双南双北卧室，大客厅，,花样年花样城 -高淳,4室2厅 | 131.99平米 | 南 北 | 毛坯 | 高楼层(共6层)  | 板楼,95,"7,198元/平"
双湖星城 3室2厅 南 北,双湖星城 -高淳,3室2厅 | 123.63平米 | 南 北 | 毛坯 | 低楼层(共9层)  | 板楼,58.8,"4,757元/平"
金地华城 3室1厅 南,金地华城 -高淳,3室1厅 | 117.88平米 | 南 | 精装 | 中楼层(共6层)  | 暂无数据,115,"9,756元/平"
栖凤花园 5室2厅 南,栖凤花园 -高淳,5室2厅 | 130.03平米 | 南 | 精装 | 高楼层(共6层)  | 暂无数据,76,"5,845元/平"
都市尚品 3室2厅 南,都市尚品 -高淳,3室2厅 | 92.31平米 | 南 | 精装 | 高楼层(共6层)  | 暂无数据,58,"6,284元/平"
江山星园 2室2厅 南,江山星园 -高淳,2室2厅 | 68.75平米 | 南 | 精装 | 高楼层(共7层)  | 暂无数据,54,"7,855元/平"
金地康城 3室2厅 南,金地康城 -高淳,3室2厅 | 117.4平米 | 南 | 精装 | 高楼层(共6层)  | 暂无数据,68,"5,793元/平"
隆豪翡翠星城 3室2厅 南,隆豪翡翠星城 -高淳,3室2厅 | 113.22平米 | 南 | 精装 | 低楼层(共8层)  | 板楼,120,"10,599元/平"
双湖明珠 8室3厅 南 北,双湖明珠 -高淳,8室3厅 | 301.89平米 | 南 北 | 毛坯 | 低楼层(共4层)  | 暂无数据,260,"8,613元/平"
高淳经济开发区双湖雅居 3室2厅 南,高淳经济开发区双湖雅居 -高淳,3室2厅 | 113.55平米 | 南 | 精装 | 高楼层(共9层)  | 暂无数据,62,"5,461元/平"
金地康城 3室2厅 南,金地康城 -高淳,3室2厅 | 117.4平米 | 南 | 精装 | 高楼层(共6层)  | 暂无数据,68,"5,793元/平"
栖凤花园 5室2厅 南,栖凤花园 -高淳,5室2厅 | 130.03平米 | 南 | 精装 | 高楼层(共6层)  | 暂无数据,76,"5,845元/平"
独栋别墅  有院子有露台停车方便,康桥家园 -高淳,4室2厅 | 206.24平米 | 南 | 简装 | 3层  | 暂无数据,249,"12,074元/平"
隆豪翡翠星城 3室2厅 南,隆豪翡翠星城 -高淳,3室2厅 | 113.22平米 | 南 | 精装 | 低楼层(共8层)  | 板楼,120,"10,599元/平"
高淳经济开发区双湖雅居 3室2厅 南,高淳经济开发区双湖雅居 -高淳,3室2厅 | 113.55平米 | 南 | 精装 | 高楼层(共9层)  | 暂无数据,62,"5,461元/平"
金地康城精装三房两厅两卫105万,金地康城 -高淳,3室2厅 | 134.08平米 | 南 | 其他 | 中楼层(共6层)  | 板楼,105,"7,832元/平"
联排别墅边户，院子大，采光好！视线开阔，诚意出售,湖滨一品苑 -高淳,4室2厅 | 284.24平米 | 南 | 其他 | 低楼层(共3层)  | 暂无数据,400,"14,073元/平"
金地华城 3室1厅 南,金地华城 -高淳,3室1厅 | 117.88平米 | 南 | 精装 | 中楼层(共6层)  | 暂无数据,115,"9,756元/平"
双湖明珠 8室3厅 南 北,双湖明珠 -高淳,8室3厅 | 301.89平米 | 南 北 | 毛坯 | 低楼层(共4层)  | 暂无数据,260,"8,613元/平"
采光好，有朝南小露台可用，配套齐全,康桥家园 -高淳,2室1厅 | 86.14平米 | 南 | 毛坯 | 低楼层(共6层)  | 暂无数据,51,"5,921元/平"
康桥家园 3室2厅 南,康桥家园 -高淳,3室2厅 | 105.11平米 | 南 | 精装 | 中楼层(共6层)  | 塔楼,70,"6,660元/平"
卓越浅水湾 4室2厅 南,卓越浅水湾 -高淳,4室2厅 | 206.49平米 | 南 | 精装 | 低楼层(共7层)  | 板楼,137.5,"6,659元/平"
融创中南御园 6室4厅 南 北,融创中南御园 -高淳,6室4厅 | 206.85平米 | 南 北 | 精装 | 低楼层(共5层)  | 板楼,388,"18,758元/平"
高淳雅居乐花园 3室2厅 南,高淳雅居乐花园 -高淳,3室2厅 | 94平米 | 南 | 其他 | 低楼层(共27层)  | 塔楼,60,"6,383元/平"
大丰景苑H区 2室1厅 南 北,大丰景苑H区 -高淳,2室1厅 | 77平米 | 南 北 | 其他 | 高楼层(共16层)  | 暂无数据,42.8,"5,559元/平"
紫晶美域 3室2厅 精装电梯房 满两年,紫晶美域 -高淳,3室2厅 | 100.74平米 | 南 北 | 精装 | 中楼层(共11层)  | 板塔结合,75,"7,445元/平"
老城区菜场旁 大三房 架空一楼,怡城花苑南区 -高淳,3室2厅 | 125.06平米 | 南 | 精装 | 低楼层(共6层)  | 暂无数据,85,"6,797元/平"
海尔双湖壹号公馆 4室2厅 南,海尔双湖壹号公馆 -高淳,4室2厅 | 145.62平米 | 南 | 毛坯 | 高楼层(共7层)  | 板楼,130,"8,928元/平"
怡城花苑南区 3室2厅 南,怡城花苑南区 -高淳,3室2厅 | 137平米 | 南 | 精装 | 中楼层(共5层)  | 暂无数据,78.8,"5,752元/平"
江山星园 2室2厅 南,江山星园 -高淳,2室2厅 | 90平米 | 南 | 精装 | 中楼层(共7层)  | 暂无数据,90,"10,000元/平"
宝龙广场旁边 开发商精装 诚心出售 好楼层,宝龙世家 -高淳,3室2厅 | 99.83平米 | 南 | 精装 | 中楼层(共27层)  | 暂无数据,90.8,"9,096元/平"
高淳碧桂园 3室2厅 南,高淳碧桂园 -高淳,3室2厅 | 133.6平米 | 南 | 毛坯 | 中楼层(共27层)  | 板楼,90,"6,737元/平"
落地窗，采光足，通风佳，装修的很漂亮。,双湖星城 -高淳,3室1厅 | 106.2平米 | 南 | 其他 | 高楼层(共6层)  | 板楼,84,"7,910元/平"
小区次新房新空未入住业主诚心卖,花样年花样城 -高淳,3室2厅 | 113.63平米 | 南 | 其他 | 低楼层(共23层)  | 板楼,72,"6,337元/平"
雅居乐次新房，业主诚心卖，欢迎看房,高淳雅居乐花园 -高淳,4室2厅 | 136.06平米 | 南 北 | 其他 | 低楼层(共27层)  | 板楼,121,"8,894元/平"
高淳雅居乐花园 3室2厅 南,高淳雅居乐花园 -高淳,3室2厅 | 103.43平米 | 南 | 其他 | 高楼层(共27层)  | 板楼,72,"6,962元/平"
居家大三房 位置好 看房方便 诚心出售,高淳雅居乐花园 -高淳,3室1厅 | 92.7平米 | 南 北 | 其他 | 低楼层(共27层)  | 板楼,60,"6,473元/平"
高淳雅居乐花园 3室2厅 南,高淳雅居乐花园 -高淳,3室2厅 | 94.59平米 | 南 | 其他 | 高楼层(共27层)  | 板楼,55,"5,815元/平"
次新房新空未入住 阳光佳 不临街 环境优美 视野开阔,花样年花样城 -高淳,3室1厅 | 113.63平米 | 南 北 | 其他 | 高楼层(共23层)  | 板楼,95,"8,361元/平"
花样年花样城 4室2厅 南,花样年花样城 -高淳,4室2厅 | 131.89平米 | 南 | 其他 | 中楼层(共8层)  | 板楼,85,"6,445元/平"
高淳碧桂园 3室2厅 南,高淳碧桂园 -高淳,3室2厅 | 92.3平米 | 南 | 其他 | 低楼层(共27层)  | 板楼,58,"6,284元/平"
御沁园 5室2厅 南,御沁园 -高淳,5室2厅 | 209.36平米 | 南 | 其他 | 高楼层(共9层)  | 暂无数据,180,"8,598元/平"
金悦雅苑臻园 3室2厅 南,金悦雅苑臻园 -高淳,3室2厅 | 92.14平米 | 南 | 其他 | 低楼层(共7层)  | 板楼,110,"11,939元/平"
紫晶美域 3室2厅 南,紫晶美域 -高淳,3室2厅 | 100.74平米 | 南 | 其他 | 高楼层(共11层)  | 板塔结合,70,"6,949元/平"
海尔双湖壹号公馆 3室2厅 南,海尔双湖壹号公馆 -高淳,3室2厅 | 125.86平米 | 南 | 其他 | 低楼层(共7层)  | 板楼,90,"7,151元/平"
大丰景苑H区 3室2厅 南 北,大丰景苑H区 -高淳,3室2厅 | 113平米 | 南 北 | 其他 | 高楼层(共16层)  | 暂无数据,62.8,"5,558元/平"
双湖明珠 3室2厅 南,双湖明珠 -高淳,3室2厅 | 132.7平米 | 南 | 其他 | 中楼层(共4层)  | 板楼,85,"6,406元/平"
康桥家园 1室1厅 南,康桥家园 -高淳,1室1厅 | 44.85平米 | 南 | 其他 | 中楼层(共6层)  | 暂无数据,35.8,"7,983元/平"
东方曼园 2室2厅 南,东方曼园 -高淳,2室2厅 | 94.31平米 | 南 | 毛坯 | 高楼层(共16层)  | 暂无数据,55,"5,832元/平"
万悦城 纯毛坯 可自由装修 看房方便 诚心出售,万悦城 -高淳,3室2厅 | 113.55平米 | 南 | 其他 | 高楼层(共25层)  | 板楼,75,"6,606元/平"
天韵华府 3室2厅 南,天韵华府 -高淳,3室2厅 | 102.13平米 | 南 | 其他 | 高楼层(共6层)  | 暂无数据,72.8,"7,129元/平"
中宏万家广场 2室2厅 南,中宏万家广场 -高淳,2室2厅 | 98.23平米 | 南 | 其他 | 中楼层(共27层)  | 塔楼,79,"8,043元/平"
世纪花园(高淳) 3室1厅 南,世纪花园(高淳) -高淳,3室1厅 | 123.92平米 | 南 | 其他 | 低楼层(共6层)  | 板楼,72,"5,811元/平"
如意山水东区 3室2厅 南,如意山水东区 -高淳,3室2厅 | 145.86平米 | 南 | 其他 | 高楼层(共11层)  | 暂无数据,150,"10,284元/平"
万福城3房2卫 拎包入住 明智之选 装修清爽,万福城 -高淳,3室2厅 | 117.97平米 | 南 | 其他 | 高楼层(共6层)  | 板楼,75,"6,358元/平"
新空毛坯业主诚心卖卖看上价格你说了算,高淳雅居乐花园 -高淳,3室2厅 | 94.11平米 | 南 北 | 其他 | 高楼层(共27层)  | 板楼,89,"9,458元/平"
舜天南郡 4室3厅 南,舜天南郡 -高淳,4室3厅 | 254.58平米 | 南 | 其他 | 低楼层(共4层)  | 暂无数据,180,"7,071元/平"
朝阳花园 4室2厅 南,朝阳花园 -高淳,4室2厅 | 149.71平米 | 南 | 其他 | 低楼层(共6层)  | 暂无数据,105,"7,014元/平"
景桥茗苑南区 2室1厅 南,景桥茗苑南区 -高淳,2室1厅 | 78平米 | 南 | 其他 | 中楼层(共6层)  | 暂无数据,60,"7,693元/平"
融创中南御园 3室2厅 南 北,融创中南御园 -高淳,3室2厅 | 85.58平米 | 南 北 | 精装 | 低楼层(共18层)  | 板楼,66,"7,713元/平"
依水佳苑西区 3室2厅 南,依水佳苑西区 -高淳,3室2厅 | 134.47平米 | 南 | 其他 | 中楼层(共6层)  | 板楼,89,"6,619元/平"
康桥家园 2室2厅 南,康桥家园 -高淳,2室2厅 | 86.15平米 | 南 | 其他 | 高楼层(共6层)  | 暂无数据,60,"6,965元/平"
中南融创御园86平三房精致户型,融创中南御园 -高淳,3室2厅 | 85.58平米 | 南 | 其他 | 中楼层(共11层)  | 板楼,100,"11,685元/平"
康乐路169号（三中旁）换房诚售,康乐路169号 -高淳,3室1厅 | 81.87平米 | 南 | 其他 | 中楼层(共6层)  | 暂无数据,55,"6,718元/平"
双拼别墅几百平的花园   200多万自住豪 装 三个大露台,海尔双湖壹号公馆 -高淳,6室2厅 | 316.93平米 | 南 | 其他 | 3层  | 板楼,400,"12,622元/平"
垠领城市街区 3室2厅 南,垠领城市街区 -高淳,3室2厅 | 101.07平米 | 南 | 其他 | 中楼层(共6层)  | 板楼,38,"3,760元/平"
卓越浅水湾馥园，四叶草户型，采光很好,卓越浅水湾 -高淳,4室2厅 | 118.67平米 | 南 | 其他 | 中楼层(共7层)  | 板楼,108,"9,101元/平"
金地康城 2室2厅 南,金地康城 -高淳,2室2厅 | 85.71平米 | 南 | 其他 | 高楼层(共6层)  | 板楼,68,"7,934元/平"
高淳经济开发区双湖雅居 3室2厅 南,高淳经济开发区双湖雅居 -高淳,3室2厅 | 111.41平米 | 南 | 其他 | 中楼层(共18层)  | 暂无数据,45,"4,040元/平"
波西塔诺东郡 3室2厅 南,波西塔诺东郡 -高淳,3室2厅 | 115平米 | 南 | 其他 | 低楼层(共5层)  | 塔楼,96,"8,348元/平"
万悦城 纯毛坯 可自由装修 看房方便 诚心出售,万悦城 -高淳,3室2厅 | 113.55平米 | 南 | 其他 | 高楼层(共25层)  | 板楼,75,"6,606元/平"
中宏万家广场 2室2厅 南,中宏万家广场 -高淳,2室2厅 | 98.23平米 | 南 | 其他 | 中楼层(共27层)  | 塔楼,79,"8,043元/平"
天韵华府 3室2厅 南,天韵华府 -高淳,3室2厅 | 102.13平米 | 南 | 其他 | 高楼层(共6层)  | 暂无数据,72.8,"7,129元/平"
世纪花园(高淳) 3室1厅 南,世纪花园(高淳) -高淳,3室1厅 | 123.92平米 | 南 | 其他 | 低楼层(共6层)  | 板楼,72,"5,811元/平"
东方曼园 2室2厅 南,东方曼园 -高淳,2室2厅 | 94.31平米 | 南 | 毛坯 | 高楼层(共16层)  | 暂无数据,55,"5,832元/平"
康桥家园三房，换房诚售，价可议,康桥家园 -高淳,3室2厅 | 105.11平米 | 南 | 其他 | 高楼层(共6层)  | 暂无数据,68.8,"6,546元/平"
次新小区 位置好 三房    可自由装修  诚心卖,万悦城 -高淳,3室2厅 | 98.06平米 | 南 | 其他 | 高楼层(共18层)  | 板楼,80,"8,159元/平"
双湖星城 3室2厅 南 北,双湖星城 -高淳,3室2厅 | 125.77平米 | 南 北 | 其他 | 低楼层(共9层)  | 暂无数据,79.8,"6,345元/平"
福源名居跃层 精装4房 好楼层 可议价,福源名居 -高淳,4室2厅 | 202平米 | 北 南 | 精装 | 高楼层(共4层)  | 板塔结合,190,"9,406元/平"
项目位于美丽的固城湖畔，属一线临湖高尚住宅小区。,融创中南御园 -高淳,3室2厅 | 86.55平米 | 南 | 其他 | 中楼层(共11层)  | 板楼,78,"9,013元/平"
当别人都在犹豫的时候，你敢出手吗?,金陵春苑 -高淳,2室1厅 | 90.7平米 | 南 北 | 其他 | 低楼层(共11层)  | 暂无数据,59.8,"6,594元/平"
高淳高档住宅小区 毛坯跃层 楼上楼下 花园洋房,花样年花样城 -高淳,4室2厅 | 209平米 | 南 | 毛坯 | 低楼层(共4层)  | 板楼,128,"6,125元/平"
大户型 采光足  户型方正 居住舒服 随时看房,花样年花样城 -高淳,4室2厅 | 131.89平米 | 南 北 | 其他 | 中楼层(共8层)  | 板楼,108,"8,189元/平"
中间楼层 带露台 户型方正 得房率高 业主诚心出售,花样年花样城 -高淳,4室2厅 | 131.71平米 | 南 | 其他 | 中楼层(共8层)  | 板楼,95,"7,213元/平"
北岭雅居 3室2厅 南,北岭雅居 -高淳,3室2厅 | 145.99平米 | 南 | 其他 | 中楼层(共4层)  | 板塔结合,94,"6,439元/平"
房主急售，新小区位置佳，楼层好，小区环境好,东方公馆 -高淳,3室2厅 | 89.12平米 | 南 | 其他 | 中楼层(共11层)  | 板楼,60,"6,733元/平"
中高楼层 位置采光都很好 全款买入底价售出 看中谈,万悦城 -高淳,3室2厅 | 98平米 | 南 | 其他 | 高楼层(共18层)  | 板楼,64,"6,531元/平"
融创中南御园 3室2厅 南,融创中南御园 -高淳,3室2厅 | 86平米 | 南 | 其他 | 低楼层(共10层)  | 板楼,90,"10,466元/平"
双湖星城 2室2厅 南 北,双湖星城 -高淳,2室2厅 | 81.32平米 | 南 北 | 其他 | 高楼层(共6层)  | 板楼,40,"4,919元/平"
大丰景苑A区 2室2厅 南 北,大丰景苑A区 -高淳,2室2厅 | 76.6平米 | 南 北 | 其他 | 中楼层(共16层)  | 暂无数据,46.8,"6,110元/平"
东方公馆 2室2厅 南,东方公馆 -高淳,2室2厅 | 85.45平米 | 南 | 其他 | 高楼层(共10层)  | 板楼,56.9,"6,659元/平"
东方公馆 2室2厅 南,东方公馆 -高淳,2室2厅 | 89.31平米 | 南 | 其他 | 低楼层(共9层)  | 板楼,69.9,"7,827元/平"
康桥家园 2室1厅 南,康桥家园 -高淳,2室1厅 | 61.96平米 | 南 | 简装 | 中楼层(共6层)  | 板塔结合,35,"5,649元/平"
海尔98.95平米毛坯两室67万元，随时看房,海尔双湖壹号公馆 -高淳,2室2厅 | 98.95平米 | 南 | 其他 | 中楼层(共7层)  | 板楼,67,"6,772元/平"
都市尚品 2室1厅 南,都市尚品 -高淳,2室1厅 | 80平米 | 南 | 精装 | 高楼层(共11层)  | 暂无数据,70,"8,750元/平"
隆豪翡翠星城 3室2厅 南,隆豪翡翠星城 -高淳,3室2厅 | 123平米 | 南 | 毛坯 | 中楼层(共8层)  | 板楼,110,"8,944元/平"
如意山水三期 3室2厅 南,如意山水三期 -高淳,3室2厅 | 124平米 | 南 | 毛坯 | 高楼层(共8层)  | 暂无数据,88,"7,097元/平"
银庭馨苑134平米128万，房主换房急售，价可议。,银庭馨苑 -高淳,3室2厅 | 134平米 | 南 | 简装 | 低楼层(共10层)  | 暂无数据,128,"9,553元/平"
波西塔诺134平米精装房 90万诚售 价可议,波西塔诺东郡 -高淳,3室2厅 | 134平米 | 南 | 精装 | 中楼层(共6层)  | 暂无数据,90,"6,717元/平"
玲珑湾花园 105平米 公园旁 精装好房,玲珑湾花园 -高淳,3室1厅 | 105平米 | 南 | 精装 | 高楼层(共6层)  | 暂无数据,66.8,"6,362元/平"
银庭馨苑134平米128万，房主换房急售，价可议。,银庭馨苑 -高淳,3室2厅 | 134平米 | 南 | 简装 | 低楼层(共10层)  | 暂无数据,128,"9,553元/平"
宝龙世家 3室2厅 南,宝龙世家 -高淳,3室2厅 | 116平米 | 南 | 精装 | 高楼层(共27层)  | 暂无数据,135,"11,638元/平"
隆豪翡翠星城 3室2厅 南,隆豪翡翠星城 -高淳,3室2厅 | 123平米 | 南 | 毛坯 | 中楼层(共8层)  | 板楼,110,"8,944元/平"
卓越浅水湾 4室1厅 南,卓越浅水湾 -高淳,4室1厅 | 118.43平米 | 南 | 精装 | 低楼层(共8层)  | 板楼,120,"10,133元/平"
中交荣域D区 5室2厅 南,中交荣域D区 -高淳,5室2厅 | 200平米 | 南 | 毛坯 | 高楼层(共6层)  | 板楼,208,"10,400元/平"
中交荣域A区 3室2厅 南,中交荣域A区 -高淳,3室2厅 | 95.09平米 | 南 | 精装 | 高楼层(共18层)  | 塔楼,90,"9,465元/平"
新的小区.........................,中交荣域B区 -高淳,3室2厅 | 122平米 | 南 | 其他 | 高楼层(共20层)  | 暂无数据,90,"7,378元/平"
金陵春苑 5室2厅 南,金陵春苑 -高淳,5室2厅 | 214.66平米 | 南 | 其他 | 高楼层(共15层)  | 暂无数据,138,"6,429元/平"
温州商贸城 3室2厅 南,温州商贸城 -高淳,3室2厅 | 114平米 | 南 | 其他 | 高楼层(共6层)  | 暂无数据,70,"6,141元/平"
星河湾 3室2厅 南,星河湾 -高淳,3室2厅 | 133平米 | 南 | 其他 | 中楼层(共6层)  | 暂无数据,128.8,"9,685元/平"
富馨花园 2室1厅 南,富馨花园 -高淳,2室1厅 | 95平米 | 南 | 其他 | 高楼层(共6层)  | 板楼,65,"6,843元/平"
装修不错拎包入住.............,中交荣域B区 -高淳,3室2厅 | 95平米 | 南 | 其他 | 低楼层(共20层)  | 暂无数据,98,"10,316元/平"
美临香逸花园 3室2厅 南 北,美临香逸花园 -高淳,3室2厅 | 110.41平米 | 南 北 | 其他 | 中楼层(共10层)  | 板楼,110,"9,963元/平"
波西塔诺 3室2厅 南北通透 业主诚售,波西塔诺东郡 -高淳,3室2厅 | 123平米 | 南 北 | 其他 | 中楼层(共5层)  | 暂无数据,78.8,"6,407元/平"
大丰景苑F区 3室2厅 南 北,大丰景苑F区 -高淳,3室2厅 | 123.59平米 | 南 北 | 其他 | 低楼层(共10层)  | 暂无数据,78,"6,312元/平"
卓越浅水湾 3室2厅 南 北,卓越浅水湾 -高淳,3室2厅 | 94.18平米 | 南 北 | 其他 | 高楼层(共8层)  | 板楼,95,"10,088元/平"
依水佳苑西区 3室2厅 南,依水佳苑西区 -高淳,3室2厅 | 140平米 | 南 | 其他 | 中楼层(共4层)  | 板楼,100,"7,143元/平"
福源名居 2室2厅 南,福源名居 -高淳,2室2厅 | 88平米 | 南 | 其他 | 中楼层(共8层)  | 暂无数据,92,"10,455元/平"
地铁口 景观房...........,中宏万家广场 -高淳,3室2厅 | 131平米 | 南 | 其他 | 中楼层(共34层)  | 塔楼,100,"7,634元/平"
万悦城3室2厅1厨2卫，户型较好，业主诚心出售！,万悦城 -高淳,3室2厅 | 113.71平米 | 南 北 | 毛坯 | 高楼层(共25层)  | 板楼,80,"7,036元/平"
奕淳绿园 4室2厅 南,奕淳绿园 -高淳,4室2厅 | 459.57平米 | 南 | 其他 | 低楼层(共3层)  | 暂无数据,880,"19,149元/平"
大丰景苑A区 3室2厅 南,大丰景苑A区 -高淳,3室2厅 | 105.69平米 | 南 | 其他 | 高楼层(共16层)  | 暂无数据,65,"6,151元/平"
高淳体育馆旁呀雅居乐花园3房改善居住,高淳雅居乐花园 -高淳,4室2厅 | 136.51平米 | 南 | 其他 | 高楼层(共27层)  | 板楼,87,"6,374元/平"
中交荣域C区 3室2厅 南,中交荣域C区 -高淳,3室2厅 | 95平米 | 南 | 其他 | 高楼层(共20层)  | 板楼,72,"7,579元/平"
买的不是房子，是家是美好生活的开始。,大丰景苑A区 -高淳,3室2厅 | 123.9平米 | 南 | 其他 | 高楼层(共16层)  | 暂无数据,78,"6,296元/平"
这里什么都没有，只有回家的诱惑。,锦颂华府 -高淳,3室2厅 | 127平米 | 南 | 其他 | 低楼层(共8层)  | 板楼,120,"9,449元/平"
高淳雅居乐花园 4室2厅 南,高淳雅居乐花园 -高淳,4室2厅 | 126.49平米 | 南 | 其他 | 高楼层(共27层)  | 塔楼,80,"6,325元/平"
湖滨一品苑 3室2厅 南,湖滨一品苑 -高淳,3室2厅 | 149.93平米 | 南 | 其他 | 中楼层(共4层)  | 暂无数据,132,"8,805元/平"
高淳碧桂园 3室2厅 南,高淳碧桂园 -高淳,3室2厅 | 123平米 | 南 | 简装 | 低楼层(共27层)  | 板楼,85,"6,911元/平"
中交荣域D区 5室2厅 南,中交荣域D区 -高淳,5室2厅 | 268.3平米 | 南 | 其他 | 低楼层(共3层)  | 板楼,350,"13,046元/平"
学府花苑 4室2厅 南,学府花苑 -高淳,4室2厅 | 126平米 | 南 | 精装 | 高楼层(共6层)  | 板楼,90,"7,143元/平"
中宏万家广场 3室2厅 南,中宏万家广场 -高淳,3室2厅 | 126平米 | 南 | 精装 | 中楼层(共27层)  | 塔楼,108,"8,572元/平"
中交荣域B区 4室2厅 南,中交荣域B区 -高淳,4室2厅 | 127平米 | 南 | 毛坯 | 中楼层(共18层)  | 板塔结合,108,"8,504元/平"
中交荣域家园 三房两卫 纯毛坯  中间楼层  满两年,中交荣域C区 -高淳,3室2厅 | 96.24平米 | 南 北 | 毛坯 | 中楼层(共20层)  | 板楼,90,"9,352元/平"
融创御园，精装三室，业主低价诚售,融创中南御园 -高淳,3室1厅 | 86.97平米 | 南 | 精装 | 高楼层(共9层)  | 板楼,66,"7,589元/平"
筑城村小区三楼89平精装，邻近高淳老街,筑城村小区 -高淳,2室2厅 | 89平米 | 南 | 精装 | 中楼层(共5层)  | 暂无数据,67,"7,529元/平"
金悦雅苑澜园装修新，业主诚售。,金悦雅苑澜园 -高淳,4室2厅 | 141平米 | 南 | 其他 | 中楼层(共6层)  | 板楼,160,"11,348元/平"
苏宁雅居三期 3室2厅 南,苏宁雅居三期 -高淳,3室2厅 | 100平米 | 南 | 毛坯 | 高楼层(共8层)  | 暂无数据,79.8,"7,980元/平"
富馨花园 3室2厅 南,富馨花园 -高淳,3室2厅 | 130平米 | 南 | 精装 | 中楼层(共6层)  | 板楼,95,"7,308元/平"
中宏万家广场 2室2厅 南,中宏万家广场 -高淳,2室2厅 | 92.54平米 | 南 | 毛坯 | 高楼层(共25层)  | 塔楼,72,"7,781元/平"
交通便利，配套齐全。环境好！！,万悦城 -高淳,2室1厅 | 76.76平米 | 南 | 精装 | 中楼层(共7层)  | 暂无数据,65,"8,468元/平"
万悦城 3室2厅 南,万悦城 -高淳,3室2厅 | 113.5平米 | 南 | 精装 | 中楼层(共25层)  | 板楼,86,"7,578元/平"
东边户，中间楼层，康养社区，毛坯现房,万悦城 -高淳,3室2厅 | 113.53平米 | 南 | 毛坯 | 中楼层(共25层)  | 板楼,86,"7,576元/平"
高淳碧桂园  3室2厅 南 业主诚售,高淳碧桂园 -高淳,3室2厅 | 129平米 | 南 北 | 毛坯 | 低楼层(共18层)  | 板楼,90,"6,977元/平"
新房 低于业主入手价 业主急售,万悦城 -高淳,3室2厅 | 113.55平米 | 东 南 | 毛坯 | 高楼层(共25层)  | 板楼,84,"7,398元/平"
万悦城毛坯三房采光视野不遮挡户型方正,万悦城 -高淳,3室2厅 | 107.97平米 | 南 | 毛坯 | 高楼层(共25层)  | 板楼,59.8,"5,539元/平"
金地华城，两室一卫，房东诚售！,金地华城 -高淳,2室2厅 | 83平米 | 南 | 精装 | 中楼层(共5层)  | 暂无数据,68,"8,193元/平"
小区景观房，视野开阔，固城湖、花山、秀山净收眼底。,卓越浅水湾 -高淳,3室2厅 | 98平米 | 南 | 精装 | 高楼层(共8层)  | 板楼,94,"9,592元/平"
热卖高淳碧桂园小区朝南方向采光充足,高淳碧桂园 -高淳,3室1厅 | 92.39平米 | 南 | 精装 | 低楼层(共27层)  | 塔楼,65,"7,036元/平"
高淳碧桂园 3室2厅 南,高淳碧桂园 -高淳,3室2厅 | 123平米 | 南 | 其他 | 低楼层(共28层)  | 板楼,80,"6,505元/平"
高淳碧桂园 4室1厅 南,高淳碧桂园 -高淳,4室1厅 | 175平米 | 南 | 精装 | 中楼层(共18层)  | 板楼,185,"10,572元/平"
御沁园 3室2厅 南,御沁园 -高淳,3室2厅 | 117平米 | 南 | 其他 | 低楼层(共11层)  | 暂无数据,81,"6,924元/平"
中交荣域C区 4室2厅 南,中交荣域C区 -高淳,4室2厅 | 146平米 | 南 | 其他 | 高楼层(共20层)  | 板楼,95,"6,507元/平"
交通便利，小区位置好，靠着轻轨站,中宏万家广场 -高淳,2室2厅 | 96平米 | 南 | 其他 | 中楼层(共27层)  | 塔楼,65,"6,771元/平"
苏宁雅居三期 4室2厅 南,苏宁雅居三期 -高淳,4室2厅 | 142平米 | 南 | 其他 | 低楼层(共8层)  | 暂无数据,128,"9,015元/平"
融创中南御园 4室2厅 南,融创中南御园 -高淳,4室2厅 | 123平米 | 南 | 其他 | 高楼层(共8层)  | 板楼,130,"10,570元/平"
主城老城.................,天河路86号院 -高淳,2室1厅 | 98平米 | 南 | 其他 | 高楼层(共6层)  | 暂无数据,52,"5,307元/平"
中宏万家广场好楼层毛坯 户型通透 近地铁站,中宏万家广场 -高淳,3室2厅 | 128.34平米 | 南 | 其他 | 高楼层(共29层)  | 塔楼,95.8,"7,465元/平"
北漪园住宅小区西区 2室2厅 南,北漪园住宅小区西区 -高淳,2室2厅 | 85.32平米 | 南 | 其他 | 中楼层(共5层)  | 板塔结合,56.8,"6,658元/平"
三楼加四楼的毛坯叠墅，小区前排,隆豪翡翠星城 -高淳,4室2厅 | 167.9平米 | 南 | 其他 | 中楼层(共4层)  | 暂无数据,160,"9,530元/平"
都市尚品 2室1厅 南,都市尚品 -高淳,2室1厅 | 80平米 | 南 | 其他 | 高楼层(共6层)  | 暂无数据,65,"8,125元/平"
宝塔路196号院 3室2厅 南,宝塔路196号院 -高淳,3室2厅 | 123.5平米 | 南 | 其他 | 中楼层(共6层)  | 板塔结合,85,"6,883元/平"
万悦城2室1厅1厨1卫，户型较好，业主诚心出售！,万悦城 -高淳,2室1厅 | 77平米 | 南 | 简装 | 高楼层(共7层)  | 暂无数据,58,"7,533元/平"
高层采光视野好，业主诚心卖房子，价格低,景湖名都 -高淳,3室2厅 | 97.07平米 | 南 | 其他 | 高楼层(共6层)  | 板楼,30,"3,091元/平"
卓越浅水湾 4室2厅 南,卓越浅水湾 -高淳,4室2厅 | 220.09平米 | 南 | 其他 | 低楼层(共4层)  | 暂无数据,176,"7,997元/平"
隆豪翡翠星城 4室2厅 南,隆豪翡翠星城 -高淳,4室2厅 | 154.9平米 | 南 | 其他 | 低楼层(共8层)  | 板楼,139.8,"9,026元/平"
淳东路37号院 3室2厅 南,淳东路37号院 -高淳,3室2厅 | 103.41平米 | 南 | 其他 | 高楼层(共6层)  | 暂无数据,55,"5,319元/平"
金地华城 2室2厅 南,金地华城 -高淳,2室2厅 | 89平米 | 南 | 其他 | 高楼层(共6层)  | 暂无数据,64.8,"7,281元/平"
金地康城 2室2厅 南,金地康城 -高淳,2室2厅 | 91平米 | 南 | 其他 | 高楼层(共6层)  | 板楼,55.8,"6,132元/平"
楼层好，采光不遮挡，精装修，业主诚心卖,高淳雅居乐花园 -高淳,4室2厅 | 127.17平米 | 南 北 | 其他 | 低楼层(共27层)  | 板楼,80,"6,291元/平"
高淳雅居乐 全新毛坯 户型方正 采光好 诚心出售,高淳雅居乐花园 -高淳,4室2厅 | 126平米 | 南 | 其他 | 低楼层(共27层)  | 塔楼,80,"6,350元/平"
波西塔诺东郡 3室1厅 南,波西塔诺东郡 -高淳,3室1厅 | 124平米 | 南 | 其他 | 中楼层(共6层)  | 暂无数据,80,"6,452元/平"
中交荣域D区 3室2厅 南,中交荣域D区 -高淳,3室2厅 | 120.1平米 | 南 | 其他 | 低楼层(共17层)  | 板楼,96,"7,994元/平"
此房属性高淳雅居乐次新房，双阳台，面积大，三房,高淳雅居乐花园 -高淳,3室2厅 | 94.59平米 | 南 北 | 其他 | 低楼层(共27层)  | 板楼,72,"7,612元/平"
双湖明珠 2室1厅 南,双湖明珠 -高淳,2室1厅 | 87.34平米 | 南 | 精装 | 高楼层(共6层)  | 板楼,55,"6,298元/平"
东方曼园 2室2厅 南,东方曼园 -高淳,2室2厅 | 88.76平米 | 南 | 其他 | 中楼层(共11层)  | 暂无数据,60,"6,760元/平"
高淳雅居乐花园 4室2厅 南,高淳雅居乐花园 -高淳,4室2厅 | 128.55平米 | 南 | 其他 | 高楼层(共27层)  | 板楼,80,"6,224元/平"
高淳雅居乐花园 3室2厅 南,高淳雅居乐花园 -高淳,3室2厅 | 93平米 | 南 | 其他 | 低楼层(共27层)  | 板楼,75,"8,065元/平"
花样年花样城 3室2厅 南,花样年花样城 -高淳,3室2厅 | 112.84平米 | 南 | 其他 | 高楼层(共24层)  | 板楼,87,"7,711元/平"
实惠型高的小区..........,花样年花样城 -高淳,4室2厅 | 131.71平米 | 南 | 其他 | 中楼层(共8层)  | 板楼,75,"5,695元/平"
江山星园 3室2厅 南,江山星园 -高淳,3室2厅 | 114.4平米 | 南 | 其他 | 高楼层(共7层)  | 暂无数据,82.8,"7,238元/平"
中宏万家广场 2室2厅 南,中宏万家广场 -高淳,2室2厅 | 97.2平米 | 南 | 其他 | 中楼层(共34层)  | 暂无数据,75,"7,717元/平"
波西塔诺东郡 3室2厅 南,波西塔诺东郡 -高淳,3室2厅 | 113平米 | 南 | 其他 | 中楼层(共6层)  | 暂无数据,88,"7,788元/平"
高淳碧桂园 3室2厅 南,高淳碧桂园 -高淳,3室2厅 | 123平米 | 南 | 其他 | 高楼层(共27层)  | 塔楼,95,"7,724元/平"
卓越浅水湾 3室2厅 南,卓越浅水湾 -高淳,3室2厅 | 170.88平米 | 南 | 其他 | 低楼层(共8层)  | 板楼,130,"7,608元/平"
金轮水映华庭 3室2厅 南,金轮水映华庭 -高淳,3室2厅 | 89.23平米 | 南 | 其他 | 低楼层(共11层)  | 暂无数据,89,"9,975元/平"
宝龙洋房三室两厅两卫，好楼层，采光好，近商场地铁站,宝龙世家 -高淳,3室2厅 | 113.02平米 | 南 北 | 精装 | 高楼层(共7层)  | 板塔结合,108,"9,556元/平"
都市尚品 2室2厅 南,都市尚品 -高淳,2室2厅 | 81平米 | 南 | 其他 | 高楼层(共6层)  | 暂无数据,52,"6,420元/平"
实惠型不错的小区..............,花样年花样城 -高淳,4室2厅 | 132平米 | 南 | 其他 | 高楼层(共8层)  | 板楼,90,"6,819元/平"
高淳雅园 3室2厅 南,高淳雅园 -高淳,3室2厅 | 95平米 | 南 | 其他 | 高楼层(共5层)  | 暂无数据,160,"16,843元/平"
都市尚品 2室2厅 南,都市尚品 -高淳,2室2厅 | 81平米 | 南 | 其他 | 高楼层(共6层)  | 暂无数据,52,"6,420元/平"
花样年花样城 4室2厅 南 北,花样年花样城 -高淳,4室2厅 | 131.99平米 | 南 北 | 其他 | 中楼层(共6层)  | 板楼,98,"7,425元/平"
天韵华府精装二楼119平景观房,天韵华府 -高淳,3室2厅 | 119平米 | 南 | 其他 | 中楼层(共6层)  | 暂无数据,102,"8,572元/平"
花样年花样城 4室2厅 南 北,花样年花样城 -高淳,4室2厅 | 131.91平米 | 南 北 | 其他 | 高楼层(共23层)  | 板楼,93,"7,051元/平"
